VILLCODE,COUNTYNAME,TOWNNAME,VILLNAME,VILLENG,COUNTYID,COUNTYCODE,TOWNID,TOWNCODE,housenum,2019戶,2019人,2009戶,2009人,全名,taxnum,綜合所?,ave,median,第一分?,第三分?,popdelta,標準差,變異數,empty
66000110029,臺中市,大甲區,建興里,Jianxing Vil.,B,66000,B11,66000110,133,481,1725,417,1907,臺中市大甲區建興里,384,240853,627,485,322,784,-0.095438,494.36,78.82,0.0954
66000120001,臺中市,清水區,鰲峰里,Aofeng Vil.,B,66000,B12,66000120,42,459,1268,452,1505,臺中市清水區鰲峰里,305,250858,822,617,306,1085,-0.157475,841.19,102.27,0.1071
66000120002,臺中市,清水區,靈泉里,Lingquan Vil.,B,66000,B12,66000120,61,394,1145,412,1465,臺中市清水區靈泉里,350,292514,836,597,362,1043,-0.21843,779.73,93.3,0.1499
66000120003,臺中市,清水區,清水里,Qingshui Vil.,B,66000,B12,66000120,88,858,2598,803,2939,臺中市清水區清水里,742,583084,786,567,327,1053,-0.116026,772.6,98.32,0.1008
66000120004,臺中市,清水區,文昌里,Wenchang Vil.,B,66000,B12,66000120,42,299,867,278,946,臺中市清水區文昌里,246,187850,764,533,307,922,-0.08351,897.09,117.48,0.1259
66000120005,臺中市,清水區,南寧里,Nanning Vil.,B,66000,B12,66000120,139,778,2285,749,2524,臺中市清水區南寧里,594,499831,841,600,330,1029,-0.094691,969.1,115.17,0.1627
66000120006,臺中市,清水區,西寧里,Xining Vil.,B,66000,B12,66000120,64,586,1868,557,2024,臺中市清水區西寧里,502,340657,679,522,327,820,-0.077075,688.93,101.52,0.1085
66000120007,臺中市,清水區,北寧里,Beining Vil.,B,66000,B12,66000120,32,332,825,298,927,臺中市清水區北寧里,212,146061,689,496,299,879,-0.110032,618.51,89.77,0.1202
66000120008,臺中市,清水區,中興里,Zhongxing Vil.,B,66000,B12,66000120,59,180,487,185,580,臺中市清水區中興里,114,93246,818,599,386,973,-0.160345,868.98,106.24,0.0687
66000120009,臺中市,清水區,西社里,Xishe Vil.,B,66000,B12,66000120,62,882,2751,805,2868,臺中市清水區西社里,749,631724,843,606,377,1021,-0.040795,795.57,94.33,0.0724
66000120010,臺中市,清水區,南社里,Nanshe Vil.,B,66000,B12,66000120,335,3960,12192,2709,9228,臺中市清水區南社里,3187,2675126,839,628,368,1097,0.321196,744.18,88.66,0.0885
66000120011,臺中市,清水區,裕嘉里,Yujia Vil.,B,66000,B12,66000120,49,502,1724,476,1749,臺中市清水區裕嘉里,488,323632,663,498,322,875,-0.014294,568.63,85.74,0.1027
66000120012,臺中市,清水區,臨江里,Linjiang Vil.,B,66000,B12,66000120,58,558,1747,522,1935,臺中市清水區臨江里,455,335226,737,533,327,824,-0.097158,1226.51,166.47,0.1232
66000120013,臺中市,清水區,秀水里,Xiushui Vil.,B,66000,B12,66000120,140,1694,5125,1388,4876,臺中市清水區秀水里,1410,1026007,728,555,351,908,0.051066,641.02,88.09,0.094
66000120014,臺中市,清水區,武鹿里,Wulu Vil.,B,66000,B12,66000120,84,1289,3907,1065,3833,臺中市清水區武鹿里,1034,779250,754,566,350,944,0.019306,638.46,84.72,0.074
66000120015,臺中市,清水區,海濱里,Haibin Vil.,B,66000,B12,66000120,99,788,2381,694,2450,臺中市清水區海濱里,522,360446,691,509,333,787,-0.028163,1019.99,147.72,0.1445
66000120017,臺中市,清水區,中社里,Zhongshe Vil.,B,66000,B12,66000120,113,1293,3424,1154,3023,臺中市清水區中社里,918,712768,776,638,374,988,0.13265,619.21,79.75,0.0893
66000120018,臺中市,清水區,高西里,Gaoxi Vil.,B,66000,B12,66000120,44,459,1491,469,1734,臺中市清水區高西里,313,180165,576,427,274,682,-0.140138,554.91,96.4,0.1207
66000120019,臺中市,清水區,高南里,Gaonan Vil.,B,66000,B12,66000120,33,459,1549,456,1758,臺中市清水區高南里,341,240925,707,501,312,829,-0.118885,808.29,114.4,0.0942
66000120020,臺中市,清水區,高東里,Gaodong Vil.,B,66000,B12,66000120,41,486,1415,503,1669,臺中市清水區高東里,308,217696,707,526,329,822,-0.152187,912.1,129.05,0.1231
66000120021,臺中市,清水區,高北里,Gaobei Vil.,B,66000,B12,66000120,22,398,1373,384,1536,臺中市清水區高北里,321,198901,620,500,324,762,-0.10612,496.93,80.2,0.0762
66000120022,臺中市,清水區,高美里,Gaomei Vil.,B,66000,B12,66000120,34,471,1532,471,1726,臺中市清水區高美里,317,220679,696,532,328,889,-0.112399,561.8,80.7,0.1017
66000120023,臺中市,清水區,國姓里,Guoxing Vil.,B,66000,B12,66000120,58,748,2480,680,2634,臺中市清水區國姓里,620,410482,662,505,317,814,-0.058466,648.01,97.88,0.0927
66000120024,臺中市,清水區,菁埔里,Jingpu Vil.,B,66000,B12,66000120,70,750,2680,722,2907,臺中市清水區菁埔里,663,425999,643,508,337,767,-0.078087,525.35,81.76,0.1123
66000120025,臺中市,清水區,頂湳里,Dingnan Vil.,B,66000,B12,66000120,53,616,2033,565,2247,臺中市清水區頂湳里,454,317036,698,521,331,832,-0.095238,635.66,91.03,0.1202
66000120026,臺中市,清水區,田寮里,Tianliao Vil.,B,66000,B12,66000120,59,877,2955,773,2943,臺中市清水區田寮里,689,444614,645,509,312,814,0.004077,493.43,76.46,0.078
66000120027,臺中市,清水區,橋頭里,Qiaotou Vil.,B,66000,B12,66000120,252,2882,9129,2384,8575,臺中市清水區橋頭里,2395,1805010,754,564,351,954,0.064606,676.87,89.81,0.0919
66000050024,臺中市,北區,賴明里,Laiming Vil.,B,66000,B05,66000050,283,1825,4539,1674,4647,臺中市北區賴明里,1325,1098100,829,571,316,1018,-0.023241,1116.39,134.71,0.1212
66000050025,臺中市,北區,賴興里,Laixing Vil.,B,66000,B05,66000050,179,1776,4518,1626,4595,臺中市北區賴興里,1400,1214850,868,605,323,1094,-0.016757,1108.3,127.72,0.0904
66000050026,臺中市,北區,中正里,Zhongzheng Vil.,B,66000,B05,66000050,75,759,1968,749,2072,臺中市北區中正里,406,356831,879,603,317,1146,-0.050193,879.77,100.1,0.2246
66000050027,臺中市,北區,六合里,Liuhe Vil.,B,66000,B05,66000050,213,876,1904,781,1937,臺中市北區六合里,499,363730,729,534,289,952,-0.017037,724.17,99.35,0.1843
66000050028,臺中市,北區,大湖里,Dahu Vil.,B,66000,B05,66000050,211,990,2442,1007,2870,臺中市北區大湖里,535,347084,649,532,305,813,-0.149129,555.78,85.67,0.1533
66000050029,臺中市,北區,錦平里,Jinping Vil.,B,66000,B05,66000050,193,924,2062,849,2280,臺中市北區錦平里,615,565048,919,634,339,1186,-0.095614,945.82,102.94,0.1319
66000050030,臺中市,北區,建德里,Jiande Vil.,B,66000,B05,66000050,168,1454,3820,1428,4197,臺中市北區建德里,1028,799491,778,556,311,932,-0.089826,1458.27,187.51,0.1116
66000050031,臺中市,北區,崇德里,Chongde Vil.,B,66000,B05,66000050,175,1660,4120,1465,3928,臺中市北區崇德里,1204,1160808,964,638,341,1229,0.04888,1089.71,113.03,0.0978
66000050032,臺中市,北區,賴旺里,Laiwang Vil.,B,66000,B05,66000050,253,2004,5048,1902,5221,臺中市北區賴旺里,1322,998563,755,549,311,962,-0.033135,758.21,100.38,0.1024
66000050033,臺中市,北區,明新里,Mingxin Vil.,B,66000,B05,66000050,161,1281,3168,1202,3370,臺中市北區明新里,870,694922,799,558,313,948,-0.059941,1037.73,129.92,0.0938
66000050034,臺中市,北區,立人里,Liren Vil.,B,66000,B05,66000050,185,1786,4455,1594,4487,臺中市北區立人里,1242,1051668,847,625,360,1071,-0.007132,783.22,92.5,0.1009
66000050035,臺中市,北區,梅川里,Meichuan Vil.,B,66000,B05,66000050,103,1462,3890,1260,3676,臺中市北區梅川里,1064,1081484,1016,643,340,1226,0.058215,1180.65,116.16,0.0695
66000050036,臺中市,北區,賴福里,Laifu Vil.,B,66000,B05,66000050,223,1837,4740,1500,4209,臺中市北區賴福里,1362,1740901,1278,770,378,1481,0.126158,1942.29,151.96,0.1145
66000060001,臺中市,西屯區,西安里,Xi'an Vil.,B,66000,B06,66000060,39,2221,5952,1909,5852,臺中市西屯區西安里,1703,1825923,1072,687,384,1299,0.017088,1767.17,164.82,0.0784
66000060002,臺中市,西屯區,西墩里,Xidun Vil.,B,66000,B06,66000060,585,2716,7161,1508,5001,臺中市西屯區西墩里,1927,2600748,1350,780,397,1602,0.431914,2858.34,211.79,0.1663
66000060003,臺中市,西屯區,潮洋里,Chaoyang Vil.,B,66000,B06,66000060,584,3359,6957,1256,3858,臺中市西屯區潮洋里,1793,2538931,1416,831,417,1675,0.803266,1921.93,135.73,0.182
66000060004,臺中市,西屯區,龍潭里,Longtan Vil.,B,66000,B06,66000060,22,306,1019,314,1245,臺中市西屯區龍潭里,199,198249,996,604,380,1196,-0.181526,1176.6,118.11,0.0884
66000060005,臺中市,西屯區,惠來里,Huilai Vil.,B,66000,B06,66000060,1680,7599,18652,3463,9623,臺中市西屯區惠來里,5457,13823960,2533,1062,483,2374,0.938273,8642.99,341.18,0.1733
66000060006,臺中市,西屯區,上石里,Shangshi Vil.,B,66000,B06,66000060,324,2638,6371,1871,4939,臺中市西屯區上石里,1792,1800652,1005,740,399,1301,0.289937,931.06,92.66,0.0783
66000060007,臺中市,西屯區,逢甲里,Fengjia Vil.,B,66000,B06,66000060,486,2146,5192,1937,5188,臺中市西屯區逢甲里,1542,1343655,871,643,357,1107,0.000771,910.84,104.53,0.1169
66000060008,臺中市,西屯區,鵬程里,Pengcheng Vil.,B,66000,B06,66000060,73,1322,3145,1242,3313,臺中市西屯區鵬程里,732,576779,788,617,350,1026,-0.050709,709.3,90.02,0.0576
66000060009,臺中市,西屯區,何安里,He'an Vil.,B,66000,B06,66000060,367,2385,6086,2422,6271,臺中市西屯區何安里,1834,1754328,957,641,354,1187,-0.029501,1092.01,114.16,0.1097
66000060010,臺中市,西屯區,何厝里,Hecuo Vil.,B,66000,B06,66000060,270,1508,3828,1334,3745,臺中市西屯區何厝里,1096,881772,805,585,331,994,0.022163,796.75,99.03,0.1359
66000060011,臺中市,西屯區,大河里,Dahe Vil.,B,66000,B06,66000060,108,1491,4526,1339,4515,臺中市西屯區大河里,1305,1125184,862,576,333,991,0.002436,1021.61,118.49,0.0732
66000060012,臺中市,西屯區,大石里,Dashi Vil.,B,66000,B06,66000060,54,1072,2435,972,2316,臺中市西屯區大石里,606,460914,761,573,347,1008,0.051382,611.15,80.35,0.0526
66000060013,臺中市,西屯區,大福里,Dafu Vil.,B,66000,B06,66000060,115,1433,3707,1310,3758,臺中市西屯區大福里,821,597589,728,538,328,922,-0.013571,661.16,90.83,0.0724
66000080014,臺中市,北屯區,大坑里,Dakeng Vil.,B,66000,B08,66000080,105,801,2424,682,2412,臺中市北屯區大坑里,542,448384,827,526,329,926,0.004975,1864.54,225.38,0.1305
66000080015,臺中市,北屯區,民德里,Minde Vil.,B,66000,B08,66000080,65,379,1041,324,1083,臺中市北屯區民德里,222,186157,839,565,343,1055,-0.038781,801.91,95.63,0.163
66000080016,臺中市,北屯區,松竹里,Songzhu Vil.,B,66000,B08,66000080,225,3880,10533,2784,8461,臺中市北屯區松竹里,3075,3197435,1040,714,382,1338,0.244888,1184.58,113.92,0.0576
66000080017,臺中市,北屯區,仁和里,Renhe Vil.,B,66000,B08,66000080,317,4419,10894,3046,8965,臺中市北屯區仁和里,2825,3125369,1106,694,370,1401,0.21517,1315.86,118.94,0.0995
66000080018,臺中市,北屯區,仁美里,Renmei Vil.,B,66000,B08,66000080,341,3855,11173,2398,7961,臺中市北屯區仁美里,2913,3526439,1211,734,384,1374,0.403467,4039.95,333.72,0.0896
66000080019,臺中市,北屯區,四民里,Simin Vil.,B,66000,B08,66000080,45,590,1915,598,2047,臺中市北屯區四民里,468,344085,735,556,302,964,-0.064485,629.3,85.59,0.0802
66000080020,臺中市,北屯區,后庄里,Houzhuang Vil.,B,66000,B08,66000080,363,4237,11747,3468,10537,臺中市北屯區后庄里,3415,3304961,968,669,362,1225,0.114833,1309.97,135.36,0.082
66000080021,臺中市,北屯區,同榮里,Tongrong Vil.,B,66000,B08,66000080,147,2160,6217,2223,7125,臺中市北屯區同榮里,1746,1571926,900,613,347,1090,-0.127439,1826.97,202.93,0.0696
66000080022,臺中市,北屯區,仁愛里,Ren'ai Vil.,B,66000,B08,66000080,28,480,1206,548,1562,臺中市北屯區仁愛里,335,234309,699,489,293,869,-0.227913,688.43,98.43,0.0625
66000080023,臺中市,北屯區,水湳里,Shuinan Vil.,B,66000,B08,66000080,332,2891,7728,2574,7773,臺中市北屯區水湳里,2112,1862162,882,578,346,1021,-0.005789,1242.41,140.91,0.1011
66000080024,臺中市,北屯區,陳平里,Chenping Vil.,B,66000,B08,66000080,168,1978,5367,1660,5001,臺中市北屯區陳平里,1499,1270868,848,614,350,1069,0.073185,1162.68,137.14,0.079
66000080025,臺中市,北屯區,新平里,Xinping Vil.,B,66000,B08,66000080,223,1862,4904,1841,5438,臺中市北屯區新平里,1199,881461,735,519,306,904,-0.098198,779.51,106.03,0.1052
66000080026,臺中市,北屯區,平安里,Ping'an Vil.,B,66000,B08,66000080,39,2313,6062,1957,5784,臺中市北屯區平安里,1785,1558597,873,578,324,1011,0.048064,1448.46,165.89,0.126
66000080027,臺中市,北屯區,平順里,Pingshun Vil.,B,66000,B08,66000080,139,1442,3762,1195,3356,臺中市北屯區平順里,1088,878289,807,597,344,1035,0.120977,737.94,91.41,0.087
66000080028,臺中市,北屯區,平德里,Pingde Vil.,B,66000,B08,66000080,384,2974,7581,2376,6861,臺中市北屯區平德里,2266,2081146,918,620,348,1115,0.104941,978.35,106.53,0.1066
66000080029,臺中市,北屯區,松安里,Song'an Vil.,B,66000,B08,66000080,147,2087,5808,1802,5617,臺中市北屯區松安里,1685,1377409,817,602,350,1030,0.034004,755.92,92.47,0.0697
66000080030,臺中市,北屯區,松茂里,Songmao Vil.,B,66000,B08,66000080,164,2253,6125,2035,6033,臺中市北屯區松茂里,1805,1546975,857,642,372,1090,0.015249,801.9,93.57,0.0737
66000080031,臺中市,北屯區,大德里,Dade Vil.,B,66000,B08,66000080,179,2027,5710,1884,5836,臺中市北屯區大德里,1583,1291287,816,596,347,1004,-0.02159,804.46,98.62,0.0835
66000080032,臺中市,北屯區,松強里,Songqiang Vil.,B,66000,B08,66000080,360,3147,8424,2075,6242,臺中市北屯區松強里,2362,2649737,1122,757,387,1396,0.349567,1494.51,133.22,0.1088
66000080033,臺中市,北屯區,松勇里,Songyong Vil.,B,66000,B08,66000080,145,2141,6099,1909,6044,臺中市北屯區松勇里,1764,1567362,889,603,366,1081,0.0091,1486.5,167.3,0.0714
66000150015,臺中市,后里區,泰安里,Tai'an Vil.,B,66000,B15,66000150,55,521,1612,432,1655,臺中市后里區泰安里,313,218260,697,542,327,848,-0.025982,668.17,95.82,0.1321
66000150016,臺中市,后里區,公館里,Gongguan Vil.,B,66000,B15,66000150,54,697,2566,571,2503,臺中市后里區公館里,503,327392,651,519,322,821,0.02517,542.3,83.32,0.0948
66000150017,臺中市,后里區,月眉里,Yuemei Vil.,B,66000,B15,66000150,52,684,2329,529,2215,臺中市后里區月眉里,539,389051,722,572,333,911,0.051467,584.32,80.95,0.0947
66000150018,臺中市,后里區,義德里,Yide Vil.,B,66000,B15,66000150,56,1003,3136,934,3416,臺中市后里區義德里,785,567167,723,574,354,898,-0.081967,589.28,81.56,0.0598
66000160001,臺中市,神岡區,神岡里,Shengang Vil.,B,66000,B16,66000160,68,1239,3808,1047,3791,臺中市神岡區神岡里,979,692637,707,538,337,878,0.004484,608.57,86.02,0.0628
66000160002,臺中市,神岡區,庄前里,Zhuangqian Vil.,B,66000,B16,66000160,107,847,2695,608,2272,臺中市神岡區庄前里,706,538032,762,554,346,912,0.18618,714.95,93.82,0.1376
66000160003,臺中市,神岡區,北庄里,Beizhuang Vil.,B,66000,B16,66000160,74,951,3036,809,3073,臺中市神岡區北庄里,839,602872,719,523,334,849,-0.01204,709.31,98.71,0.0825
66000160004,臺中市,神岡區,庄後里,Zhuanghou Vil.,B,66000,B16,66000160,61,753,2722,612,2631,臺中市神岡區庄後里,639,426292,667,509,313,863,0.034588,575.43,86.26,0.0936
66000160005,臺中市,神岡區,社口里,Shekou Vil.,B,66000,B16,66000160,263,2710,9075,2173,8254,臺中市神岡區社口里,2313,1706525,738,560,343,897,0.099467,716.15,97.07,0.1024
66000160006,臺中市,神岡區,社南里,Shenan Vil.,B,66000,B16,66000160,99,1810,6499,1581,6175,臺中市神岡區社南里,1708,1221766,715,534,321,896,0.05247,651.19,91.03,0.0574
66000160007,臺中市,神岡區,三角里,Sanjiao Vil.,B,66000,B16,66000160,34,934,3099,767,2834,臺中市神岡區三角里,796,606510,762,537,317,860,0.093507,930.37,122.1,0.0403
66000160008,臺中市,神岡區,岸裡里,Anli Vil.,B,66000,B16,66000160,75,1033,3338,953,3582,臺中市神岡區岸裡里,996,738517,741,521,319,879,-0.068118,1071.18,144.46,0.0724
66000160009,臺中市,神岡區,大社里,Dashe Vil.,B,66000,B16,66000160,182,1839,5178,1535,4523,臺中市神岡區大社里,1380,1006732,730,548,327,924,0.144815,645.95,88.54,0.0949
66000160010,臺中市,神岡區,豐洲里,Fengzhou Vil.,B,66000,B16,66000160,144,2620,8412,2320,8445,臺中市神岡區豐洲里,2355,1688352,717,528,314,889,-0.003908,672.07,93.74,0.0587
66000160011,臺中市,神岡區,神洲里,Shenzhou Vil.,B,66000,B16,66000160,49,851,3037,788,3244,臺中市神岡區神洲里,874,581600,665,489,314,794,-0.06381,652.14,98,0.069
66000160012,臺中市,神岡區,溪洲里,Xizhou Vil.,B,66000,B16,66000160,55,916,3282,859,3451,臺中市神岡區溪洲里,796,493980,621,461,300,741,-0.048971,742.84,119.7,0.0681
66000160013,臺中市,神岡區,圳前里,Zunqian Vil.,B,66000,B16,66000160,54,856,2806,816,2862,臺中市神岡區圳前里,658,468600,712,537,331,838,-0.019567,846.25,118.83,0.0749
66000160014,臺中市,神岡區,新庄里,Xinzhuang Vil.,B,66000,B16,66000160,111,1469,4987,1260,5099,臺中市神岡區新庄里,1103,739834,671,533,340,801,-0.021965,638.31,95.16,0.0721
66000160015,臺中市,神岡區,圳堵里,Zundu Vil.,B,66000,B16,66000160,75,793,2484,692,2653,臺中市神岡區圳堵里,539,361497,671,526,333,846,-0.063701,542,80.81,0.1
66000160016,臺中市,神岡區,山皮里,Shanpi Vil.,B,66000,B16,66000160,22,359,1221,331,1270,臺中市神岡區山皮里,266,180989,680,478,298,776,-0.038583,906.29,133.2,0.0728
66000010001,臺中市,中區,繼光里,Jiguang Vil.,B,66000,B01,66000010,162,824,1867,923,2594,臺中市中區繼光里,451,347722,771,526,302,914,-0.280262,856.62,111.1,0.2034
66000010002,臺中市,中區,大墩里,Dadun Vil.,B,66000,B01,66000010,221,997,2657,1228,3882,臺中市中區大墩里,647,701217,1084,562,298,1112,-0.315559,3287.92,303.37,0.1942
66000010003,臺中市,中區,綠川里,Lvchuan Vil.,B,66000,B01,66000010,229,894,2076,1022,2914,臺中市中區綠川里,529,430449,814,493,256,944,-0.287577,1599.6,196.58,0.2286
66000010004,臺中市,中區,公園里,Gongyuan Vil.,B,66000,B01,66000010,194,755,1761,935,2633,臺中市中區公園里,454,448353,988,527,280,1092,-0.331181,1583.81,160.38,0.228
66000010005,臺中市,中區,光復里,Guangfu Vil.,B,66000,B01,66000010,271,1026,2493,1262,3726,臺中市中區光復里,582,680162,1169,593,307,1099,-0.330918,3380.26,289.24,0.2396
66000010006,臺中市,中區,柳川里,Liuchuan Vil.,B,66000,B01,66000010,404,1069,2237,1025,2802,臺中市中區柳川里,459,325800,710,526,279,907,-0.201642,783.21,110.34,0.252
66000010007,臺中市,中區,大誠里,Dacheng Vil.,B,66000,B01,66000010,210,1283,2945,1103,2830,臺中市中區大誠里,628,545046,868,581,311,1024,0.040636,1232.91,142.05,0.1886
66000010008,臺中市,中區,中華里,Zhonghua Vil.,B,66000,B01,66000010,245,1118,2354,964,2222,臺中市中區中華里,469,404379,862,547,302,1160,0.059406,1029.04,119.35,0.1661
66000020001,臺中市,東區,新庄里,Xinzhuang Vil.,B,66000,B02,66000020,111,1598,3552,1629,4368,臺中市東區新庄里,814,717941,882,581,340,1028,-0.186813,1004.99,113.95,0.1875
66000020002,臺中市,東區,振興里,Zhenxing Vil.,B,66000,B02,66000020,220,1422,3616,1422,4135,臺中市東區振興里,969,773555,798,564,300,1006,-0.125514,986.92,123.63,0.1473
66000020003,臺中市,東區,東橋里,Dongqiao Vil.,B,66000,B02,66000020,136,1587,4399,1408,4447,臺中市東區東橋里,1186,899139,758,535,294,932,-0.010794,853.89,112.63,0.0845
66000020004,臺中市,東區,東興里,Dongxing Vil.,B,66000,B02,66000020,216,1220,3276,1193,3550,臺中市東區東興里,977,795908,815,588,339,998,-0.077183,942.47,115.69,0.1446
66000020005,臺中市,東區,干城里,Gancheng Vil.,B,66000,B02,66000020,139,1005,2155,1015,2551,臺中市東區干城里,675,572284,848,588,341,1022,-0.155233,1165.24,137.44,0.1142
66000020006,臺中市,東區,泉源里,Quanyuan Vil.,B,66000,B02,66000020,225,945,2254,679,1939,臺中市東區泉源里,552,438021,794,581,303,1062,0.162455,711.73,89.69,0.2284
66000020007,臺中市,東區,旱溪里,Hanxi Vil.,B,66000,B02,66000020,103,980,2825,898,2867,臺中市東區旱溪里,694,742979,1071,556,308,937,-0.014649,7968.76,744.34,0.1138
66000020008,臺中市,東區,樂成里,Lecheng Vil.,B,66000,B02,66000020,112,911,2605,851,2508,臺中市東區樂成里,595,498326,838,603,328,1087,0.038676,898.08,107.23,0.1302
66000020009,臺中市,東區,東門里,Dongmen Vil.,B,66000,B02,66000020,216,2598,7949,2031,6982,臺中市東區東門里,2359,1759027,746,548,314,907,0.138499,810.77,108.73,0.0828
66000020010,臺中市,東區,十甲里,Shijia Vil.,B,66000,B02,66000020,212,2038,5604,1514,4529,臺中市東區十甲里,1486,1233401,830,572,345,1048,0.237359,920.24,110.87,0.1046
66000020011,臺中市,東區,東南里,Dongnan Vil.,B,66000,B02,66000020,248,1644,4323,1567,4550,臺中市東區東南里,1095,829722,758,558,333,928,-0.04989,741.98,97.92,0.1415
66000020012,臺中市,東區,東勢里,Dongshi Vil.,B,66000,B02,66000020,89,1211,3062,1290,3522,臺中市東區東勢里,675,484244,717,534,320,939,-0.130608,612.52,85.38,0.122
66000020013,臺中市,東區,合作里,Hezuo Vil.,B,66000,B02,66000020,151,1843,4808,1810,4955,臺中市東區合作里,1139,848852,745,585,352,941,-0.029667,670.89,90.02,0.0789
66000020014,臺中市,東區,富台里,Futai Vil.,B,66000,B02,66000020,92,890,1931,878,2091,臺中市東區富台里,633,440831,696,522,308,825,-0.076518,574.22,88.02,0.0985
66000020015,臺中市,東區,富仁里,Furen Vil.,B,66000,B02,66000020,229,1962,4667,1958,4763,臺中市東區富仁里,1175,1029160,876,607,321,1118,-0.020155,968.9,110.62,0.1068
66000020016,臺中市,東區,東信里,Dongxin Vil.,B,66000,B02,66000020,292,3676,10568,2862,9348,臺中市東區東信里,3001,2410254,803,564,332,982,0.130509,2073.32,258.15,0.0804
66000170012,臺中市,潭子區,新田里,Xintian Vil.,B,66000,B17,66000170,40,596,1716,567,1845,臺中市潭子區新田里,397,261702,659,486,320,781,-0.069919,609.59,92.47,0.0814
66000170013,臺中市,潭子區,聚興里,Juxing Vil.,B,66000,B17,66000170,150,1814,4878,1297,4120,臺中市潭子區聚興里,1152,899414,781,568,340,949,0.183981,830.84,106.42,0.1071
66000170014,臺中市,潭子區,頭家東里,Toujiadong Vil.,B,66000,B17,66000170,162,1862,5282,1511,4448,臺中市潭子區頭家東里,1343,1106708,824,630,373,987,0.1875,775.09,94.06,0.0883
66000170015,臺中市,潭子區,家興里,Jiaxing Vil.,B,66000,B17,66000170,199,3216,8612,2399,6449,臺中市潭子區家興里,2199,1829836,832,650,372,1077,0.335401,697.03,83.77,0.0608
66000170016,臺中市,潭子區,家福里,Jiafu Vil.,B,66000,B17,66000170,177,1944,5738,1484,4634,臺中市潭子區家福里,1424,1154249,811,619,370,1053,0.238239,682.86,84.24,0.093
66000180001,臺中市,大雅區,大雅里,Daya Vil.,B,66000,B18,66000180,113,1753,5300,1543,5391,臺中市大雅區大雅里,1458,1194910,820,582,343,988,-0.01688,925.7,112.95,0.0616
66000180002,臺中市,大雅區,員林里,Yuanlin Vil.,B,66000,B18,66000180,170,3417,11664,2881,10575,臺中市大雅區員林里,2996,2485657,830,607,358,1026,0.102979,863.39,104.07,0.0543
66000180003,臺中市,大雅區,六寶里,Liubao Vil.,B,66000,B18,66000180,197,2448,7475,2140,7411,臺中市大雅區六寶里,1685,1204947,715,559,345,878,0.008636,623.59,87.2,0.0835
66000180004,臺中市,大雅區,秀山里,Xiushan Vil.,B,66000,B18,66000180,85,1148,3977,953,3854,臺中市大雅區秀山里,963,715709,743,559,349,916,0.031915,671.78,90.39,0.0849
66000180005,臺中市,大雅區,忠義里,Zhongyi Vil.,B,66000,B18,66000180,178,1636,4256,1586,4227,臺中市大雅區忠義里,856,608337,711,571,360,889,0.006861,545.79,76.8,0.1079
66000180006,臺中市,大雅區,橫山里,Hengshan Vil.,B,66000,B18,66000180,44,1617,5199,1274,4717,臺中市大雅區橫山里,1371,1169252,853,597,365,1049,0.102184,923.23,108.25,0.0332
66000180007,臺中市,大雅區,三和里,Sanhe Vil.,B,66000,B18,66000180,291,1951,6447,1622,5901,臺中市大雅區三和里,1745,1456333,835,596,371,1020,0.092527,829.54,99.4,0.0613
66000180008,臺中市,大雅區,西寶里,Xibao Vil.,B,66000,B18,66000180,77,1679,5828,1448,5292,臺中市大雅區西寶里,1516,1173855,774,581,348,960,0.101285,742.54,95.9,0.0491
66000180010,臺中市,大雅區,二和里,Erhe Vil.,B,66000,B18,66000180,136,2323,7387,1871,6543,臺中市大雅區二和里,1934,1664266,861,620,369,1074,0.128993,812.9,94.47,0.0576
66000180011,臺中市,大雅區,四德里,Side Vil.,B,66000,B18,66000180,86,1759,5729,1534,5405,臺中市大雅區四德里,1564,1352115,865,617,358,1038,0.059944,1264.94,146.32,0.0882
66000180012,臺中市,大雅區,上雅里,Shangya Vil.,B,66000,B18,66000180,199,2562,7368,1765,5992,臺中市大雅區上雅里,1953,1703697,872,620,373,1090,0.22964,817.69,93.73,0.0804
66000180013,臺中市,大雅區,文雅里,Wenya Vil.,B,66000,B18,66000180,217,2411,7218,2097,7025,臺中市大雅區文雅里,1879,1567913,834,592,359,1021,0.027473,1107.48,132.72,0.0833
66000180015,臺中市,大雅區,雅楓里,Yafeng Vil.,B,66000,B18,66000180,91,1459,4403,1275,4314,臺中市大雅區雅楓里,1094,754778,690,519,327,824,0.020631,866.31,125.57,0.0613
66000190001,臺中市,新社區,新社里,Xinshe Vil.,B,66000,B19,66000190,135,1249,3960,1094,3944,臺中市新社區新社里,901,653010,725,558,349,930,0.004057,585.56,80.79,0.1053
66000190002,臺中市,新社區,復盛里,Fucheng Vil.,B,66000,B19,66000190,80,691,2228,651,2292,臺中市新社區復盛里,406,307364,757,576,340,961,-0.027923,798.87,105.52,0.1294
66000190003,臺中市,新社區,中正里,Zhongzheng Vil.,B,66000,B19,66000190,75,506,1629,480,1689,臺中市新社區中正里,328,245107,747,543,328,971,-0.035524,766.16,102.53,0.1058
66000190004,臺中市,新社區,月湖里,Yuehu Vil.,B,66000,B19,66000190,34,375,1205,333,1249,臺中市新社區月湖里,203,138612,683,514,339,818,-0.035228,633.87,92.83,0.0993
66000190005,臺中市,新社區,崑山里,Kunshan Vil.,B,66000,B19,66000190,32,360,1334,370,1501,臺中市新社區崑山里,180,118303,657,527,337,841,-0.111259,483.09,73.5,0.1065
66000190006,臺中市,新社區,大南里,Danan Vil.,B,66000,B19,66000190,95,696,2139,691,2435,臺中市新社區大南里,412,302788,735,542,331,878,-0.121561,751.14,102.21,0.1287
66000190007,臺中市,新社區,永源里,Yongyuan Vil.,B,66000,B19,66000190,127,992,3439,896,3552,臺中市新社區永源里,522,379349,727,550,306,903,-0.031813,703.01,96.74,0.1228
66000190008,臺中市,新社區,中興里,Zhongxing Vil.,B,66000,B19,66000190,59,293,634,365,784,臺中市新社區中興里,104,64275,618,468,300,726,-0.191327,538.58,87.14,0.2489
66000190009,臺中市,新社區,協成里,Xiecheng Vil.,B,66000,B19,66000190,128,1050,3402,940,3480,臺中市新社區協成里,491,300696,612,511,294,750,-0.022414,488.59,79.78,0.1297
66000190010,臺中市,新社區,東興里,Dongxing Vil.,B,66000,B19,66000190,216,431,1408,403,1595,臺中市新社區東興里,261,187066,717,558,349,804,-0.117241,659.38,92,0.1437
66000190011,臺中市,新社區,慶西里,Qingxi Vil.,B,66000,B19,66000190,27,301,971,299,1131,臺中市新社區慶西里,143,90462,633,466,276,745,-0.141468,588.78,93.07,0.1111
66000190012,臺中市,新社區,中和里,Zhonghe Vil.,B,66000,B19,66000190,28,224,642,220,697,臺中市新社區中和里,85,56321,663,514,315,787,-0.07891,537.14,81.07,0.2333
66000200001,臺中市,石岡區,石岡里,Shigang Vil.,B,66000,B20,66000200,39,477,1466,448,1502,臺中市石岡區石岡里,333,235273,707,530,320,831,-0.023968,772.31,109.31,0.1058
66000200002,臺中市,石岡區,萬安里,Wan'an Vil.,B,66000,B20,66000200,35,588,1795,537,1826,臺中市石岡區萬安里,430,321896,749,557,346,916,-0.016977,697.53,93.18,0.0709
66000200003,臺中市,石岡區,九房里,Jiufang Vil.,B,66000,B20,66000200,30,474,1398,428,1468,臺中市石岡區九房里,338,241066,713,536,333,860,-0.047684,692.36,97.08,0.0933
66000200004,臺中市,石岡區,金星里,Jinxing Vil.,B,66000,B20,66000200,25,444,1432,425,1589,臺中市石岡區金星里,314,208994,666,506,302,886,-0.098804,550.63,82.73,0.0792
66000200005,臺中市,石岡區,龍興里,Longxing Vil.,B,66000,B20,66000200,8,224,742,232,874,臺中市石岡區龍興里,156,104634,671,466,305,866,-0.15103,593.97,88.56,0.0617
66000200006,臺中市,石岡區,萬興里,Wanxing Vil.,B,66000,B20,66000200,33,536,1689,509,1858,臺中市石岡區萬興里,441,340759,773,524,318,857,-0.090958,1872.02,242.27,0.0757
66000200007,臺中市,石岡區,梅子里,Meizi Vil.,B,66000,B20,66000200,39,682,2100,684,2310,臺中市石岡區梅子里,496,378072,762,527,340,890,-0.090909,852.13,111.79,0.0749
66000200008,臺中市,石岡區,土牛里,Tuniu Vil.,B,66000,B20,66000200,46,385,1140,380,1257,臺中市石岡區土牛里,279,190203,682,491,313,837,-0.093079,635.53,93.22,0.1618
66000200009,臺中市,石岡區,德興里,Dexing Vil.,B,66000,B20,66000200,75,564,1625,560,1871,臺中市石岡區德興里,430,299549,697,579,331,865,-0.13148,656.3,94.21,0.1439
66000200010,臺中市,石岡區,和盛里,Hecheng Vil.,B,66000,B20,66000200,63,532,1371,543,1607,臺中市石岡區和盛里,318,215893,679,504,315,867,-0.146857,613.08,90.3,0.1404
66000210001,臺中市,外埔區,永豐里,Yongfeng Vil.,B,66000,B21,66000210,41,398,1264,340,1309,臺中市外埔區永豐里,292,217139,744,496,324,809,-0.034377,1062.41,142.87,0.1525
66000210002,臺中市,外埔區,六分里,Liufen Vil.,B,66000,B21,66000210,54,794,2656,657,2451,臺中市外埔區六分里,632,446968,707,574,361,928,0.083639,509.38,72.02,0.0703
66000210003,臺中市,外埔區,三崁里,Sankan Vil.,B,66000,B21,66000210,51,655,2179,589,2363,臺中市外埔區三崁里,481,345890,719,600,347,926,-0.077867,663.98,92.33,0.0853
66000210004,臺中市,外埔區,大同里,Datong Vil.,B,66000,B21,66000210,129,1711,5677,1333,5212,臺中市外埔區大同里,1415,1096373,775,583,360,943,0.089217,758.05,97.84,0.0791
66000210005,臺中市,外埔區,水美里,Shuimei Vil.,B,66000,B21,66000210,101,1318,4005,1164,3983,臺中市外埔區水美里,1040,948511,912,572,346,940,0.005523,3699.77,405.66,0.0782
66000210006,臺中市,外埔區,大東里,Dadong Vil.,B,66000,B21,66000210,96,2473,7683,2084,7282,臺中市外埔區大東里,1841,1336682,726,583,367,926,0.055067,546.65,75.29,0.0777
66000210007,臺中市,外埔區,馬鳴里,Maming Vil.,B,66000,B21,66000210,51,482,1621,434,1686,臺中市外埔區馬鳴里,372,246711,663,499,338,778,-0.038553,646.49,97.48,0.1414
66000210008,臺中市,外埔區,中山里,Zhongshan Vil.,B,66000,B21,66000210,74,406,1449,342,1409,臺中市外埔區中山里,347,256734,740,529,336,900,0.028389,677.91,91.63,0.1142
66000210009,臺中市,外埔區,鐵山里,Tieshan Vil.,B,66000,B21,66000210,71,774,2459,703,2654,臺中市外埔區鐵山里,532,369230,694,552,348,825,-0.073474,614.19,88.49,0.1115
66000210010,臺中市,外埔區,土城里,Tucheng Vil.,B,66000,B21,66000210,49,497,1868,487,2088,臺中市外埔區土城里,407,273063,671,541,345,838,-0.105364,664.39,99.03,0.1176
66000210011,臺中市,外埔區,?子里,Buzi  Vil.,B,66000,B21,66000210,25,394,1363,362,1549,臺中市外埔區?子里,276,178508,647,463,318,763,-0.120077,639.43,98.87,0.0858
66000220001,臺中市,大安區,南埔里,Nanpu Vil.,B,66000,B22,66000220,42,358,1197,335,1361,臺中市大安區南埔里,244,152360,624,525,299,803,-0.1205,474.82,76.04,0.1194
66000220002,臺中市,大安區,南庄里,Nanzhuang Vil.,B,66000,B22,66000220,37,344,1171,345,1376,臺中市大安區南庄里,245,168488,688,542,327,864,-0.148983,602.22,87.57,0.1111
66000220003,臺中市,大安區,中庄里,Zhongzhuang Vil.,B,66000,B22,66000220,101,892,3126,804,3223,臺中市大安區中庄里,752,518248,689,519,313,804,-0.030096,728.05,105.64,0.1087
66000220004,臺中市,大安區,龜?里,Guike Vil.,B,66000,B22,66000220,52,506,1781,486,2053,臺中市大安區龜?里,428,286595,670,519,329,785,-0.132489,595.34,88.91,0.1038
66000220005,臺中市,大安區,福興里,Fuxing Vil.,B,66000,B22,66000220,21,393,1327,375,1459,臺中市大安區福興里,321,215322,671,549,312,840,-0.090473,528.04,78.72,0.0595
66000220006,臺中市,大安區,東安里,Dong'an Vil.,B,66000,B22,66000220,47,442,1448,421,1582,臺中市大安區東安里,381,240011,630,499,323,783,-0.084703,514.26,81.64,0.1045
66000220007,臺中市,大安區,頂安里,Ding'an Vil.,B,66000,B22,66000220,32,293,1040,277,1157,臺中市大安區頂安里,219,150472,687,504,301,837,-0.101124,764.04,111.2,0.1193
66000220008,臺中市,大安區,永安里,Yong'an Vil.,B,66000,B22,66000220,44,580,2048,547,2249,臺中市大安區永安里,424,264753,624,517,315,811,-0.089373,491.18,78.66,0.0803
66000220009,臺中市,大安區,福住里,Fuzhu Vil.,B,66000,B22,66000220,20,358,1209,316,1347,臺中市大安區福住里,240,163696,682,530,358,853,-0.10245,564.66,82.79,0.067
66000220010,臺中市,大安區,海墘里,Haiqi Vil.,B,66000,B22,66000220,58,510,1619,487,1795,臺中市大安區海墘里,373,253516,680,481,304,819,-0.09805,636.5,93.65,0.112
66000220011,臺中市,大安區,西安里,Xi'an Vil.,B,66000,B22,66000220,39,564,2054,493,1985,臺中市大安區西安里,514,343819,669,506,318,816,0.034761,575.44,86.03,0.0704
66000220012,臺中市,大安區,松雅里,Songya Vil.,B,66000,B22,66000220,32,343,1091,268,1018,臺中市大安區松雅里,261,213126,817,618,365,1019,0.071709,756.54,92.65,0.093
66000230001,臺中市,烏日區,烏日里,Wuri Vil.,B,66000,B23,66000230,406,3692,10200,2831,8855,臺中市烏日區烏日里,2944,2451347,833,617,359,1046,0.151892,804.72,96.65,0.1076
66000230002,臺中市,烏日區,湖日里,Huri Vil.,B,66000,B23,66000230,110,1053,2958,896,2904,臺中市烏日區湖日里,704,513883,730,562,346,889,0.018595,690.07,94.54,0.0975
66000230003,臺中市,烏日區,三和里,Sanhe Vil.,B,66000,B23,66000230,291,2358,5947,1423,4490,臺中市烏日區三和里,1437,1234953,859,639,386,1084,0.324499,778.01,90.53,0.1226
66000230004,臺中市,烏日區,榮泉里,Rongquan Vil.,B,66000,B23,66000230,559,2622,6455,986,3283,臺中市烏日區榮泉里,1709,1457331,853,663,380,1107,0.966189,770.08,90.31,0.1724
66000230006,臺中市,烏日區,九德里,Jiude Vil.,B,66000,B23,66000230,330,5238,16245,4388,15272,臺中市烏日區九德里,4076,3121229,766,587,350,950,0.063711,746.93,97.54,0.0689
66000230007,臺中市,烏日區,仁德里,Rende Vil.,B,66000,B23,66000230,147,3175,9591,2462,8195,臺中市烏日區仁德里,2540,2209227,870,638,371,1084,0.170348,1024.71,117.81,0.0682
66000230008,臺中市,烏日區,前竹里,Qianzhu Vil.,B,66000,B23,66000230,47,608,2045,760,3013,臺中市烏日區前竹里,762,590124,774,518,322,887,-0.321274,1490.33,192.44,0.0823
66000230009,臺中市,烏日區,五光里,Wuguang Vil.,B,66000,B23,66000230,51,606,1940,549,2060,臺中市烏日區五光里,482,348430,723,541,300,918,-0.058252,676.32,93.56,0.0973
66000230010,臺中市,烏日區,光明里,Guangming Vil.,B,66000,B23,66000230,135,783,2487,740,2659,臺中市烏日區光明里,693,455724,658,487,303,815,-0.064686,671.89,102.17,0.0733
66000230011,臺中市,烏日區,東園里,Dongyuan Vil.,B,66000,B23,66000230,44,749,2559,625,2540,臺中市烏日區東園里,605,446430,738,536,322,863,0.00748,735.82,99.72,0.07
66000230012,臺中市,烏日區,溪埧里,Xiju Vil.,B,66000,B23,66000230,65,1518,5182,1309,5331,臺中市烏日區溪埧里,1361,975260,717,529,331,864,-0.02795,696.02,97.13,0.0473
66000230014,臺中市,烏日區,北里里,Beili Vil.,B,66000,B23,66000230,30,570,1938,519,1982,臺中市烏日區北里里,508,397579,783,531,332,928,-0.0222,805.52,102.92,0.0658
66000230015,臺中市,烏日區,南里里,Nan Vil.,B,66000,B23,66000230,35,465,1573,359,1527,臺中市烏日區南里里,407,275615,677,521,302,819,0.030124,628.12,92.75,0.0865
66000230016,臺中市,烏日區,溪尾里,Xiwei Vil.,B,66000,B23,66000230,23,320,968,294,1039,臺中市烏日區溪尾里,162,118501,731,549,329,760,-0.068335,1777.62,243.01,0.1136
66000240002,臺中市,大肚區,中和里,Zhonghe Vil.,B,66000,B24,66000240,28,274,1022,264,1123,臺中市大肚區中和里,270,189264,701,580,325,913,-0.089938,544.65,77.7,0.1105
66000240003,臺中市,大肚區,福山里,Fushan Vil.,B,66000,B24,66000240,84,1293,4234,1183,4483,臺中市大肚區福山里,1129,787664,698,536,336,868,-0.055543,745.88,106.91,0.0637
66000240004,臺中市,大肚區,營埔里,Yingpu Vil.,B,66000,B24,66000240,45,475,1716,443,1831,臺中市大肚區營埔里,447,313567,701,516,318,810,-0.062807,1229.78,175.31,0.0987
66000240005,臺中市,大肚區,社腳里,Shejiao Vil.,B,66000,B24,66000240,66,831,2870,757,3029,臺中市大肚區社腳里,785,545322,695,530,346,847,-0.052493,760.22,109.44,0.0794
66000240007,臺中市,大肚區,大東里,Dadong Vil.,B,66000,B24,66000240,96,1143,3686,1025,3598,臺中市大肚區大東里,969,726742,750,606,367,967,0.024458,626.2,83.49,0.0841
66000240008,臺中市,大肚區,大肚里,Dadu Vil.,B,66000,B24,66000240,140,862,2627,645,2281,臺中市大肚區大肚里,762,675265,886,620,366,1140,0.151688,874.44,98.68,0.1414
66000240009,臺中市,大肚區,永和里,Yonghe Vil.,B,66000,B24,66000240,20,308,966,281,1088,臺中市大肚區永和里,248,174314,703,532,315,941,-0.112132,619.29,88.11,0.0823
66000240010,臺中市,大肚區,磺溪里,Huangxi Vil.,B,66000,B24,66000240,48,626,1984,509,1881,臺中市大肚區磺溪里,531,413068,778,603,351,1000,0.054758,672.73,86.48,0.074
66000240011,臺中市,大肚區,永順里,Yongshun Vil.,B,66000,B24,66000240,88,571,2004,496,2060,臺中市大肚區永順里,491,327611,667,514,319,818,-0.027184,580.84,87.05,0.1588
66000240012,臺中市,大肚區,成功里,Chenggong Vil.,B,66000,B24,66000240,108,316,1125,295,1159,臺中市大肚區成功里,280,207817,742,601,361,927,-0.029336,604.53,81.45,0.1041
66000240013,臺中市,大肚區,山陽里,Shanyang Vil.,B,66000,B24,66000240,35,520,1575,447,1737,臺中市大肚區山陽里,437,307740,704,550,345,826,-0.093264,628.61,89.27,0.1011
66000240014,臺中市,大肚區,頂街里,Dingjie Vil.,B,66000,B24,66000240,235,3032,9128,2533,8281,臺中市大肚區頂街里,2492,1990768,799,624,380,1027,0.102282,662.28,82.9,0.0785
66000240015,臺中市,大肚區,瑞井里,Ruijing Vil.,B,66000,B24,66000240,158,1930,6137,1619,5697,臺中市大肚區瑞井里,1542,1069692,694,548,346,845,0.077234,712.07,102.65,0.0771
66000240016,臺中市,大肚區,蔗?里,Zhebu  Vil.,B,66000,B24,66000240,140,1887,5765,1450,5113,臺中市大肚區蔗?里,1474,1044815,709,554,360,847,0.127518,622.72,87.85,0.0691
66000240017,臺中市,大肚區,自強里,Ziqiang Vil.,B,66000,B24,66000240,106,1484,4060,1259,3991,臺中市大肚區自強里,1032,694803,673,544,351,841,0.017289,505.63,75.1,0.0633
66000250001,臺中市,龍井區,竹坑里,Zhukeng Vil.,B,66000,B25,66000250,76,1049,3622,926,3496,臺中市龍井區竹坑里,993,704053,709,556,341,887,0.036041,599.52,84.56,0.0754
66000250002,臺中市,龍井區,龍東里,Longdong Vil.,B,66000,B25,66000250,78,967,3375,884,3518,臺中市龍井區龍東里,895,662061,740,568,362,909,-0.040648,686.96,92.87,0.0817
66000250003,臺中市,龍井區,龍西里,Longxi Vil.,B,66000,B25,66000250,40,659,2227,612,2385,臺中市龍井區龍西里,577,418950,726,569,378,947,-0.066247,542.97,74.78,0.0798
66000250004,臺中市,龍井區,田中里,Tianzhong Vil.,B,66000,B25,66000250,72,1172,4227,978,4052,臺中市龍井區田中里,1101,786236,714,568,342,930,0.043189,561.1,78.57,0.0727
66000250005,臺中市,龍井區,福田里,Futian Vil.,B,66000,B25,66000250,27,335,1218,315,1303,臺中市龍井區福田里,301,203839,677,521,348,854,-0.065234,497.38,73.45,0.1349
66000250006,臺中市,龍井區,麗水里,Lishui Vil.,B,66000,B25,66000250,56,836,2667,752,2797,臺中市龍井區麗水里,677,462454,683,538,343,897,-0.046478,509.64,74.61,0.0933
66000250007,臺中市,龍井區,龍津里,Longjin Vil.,B,66000,B25,66000250,136,1610,6082,1452,6301,臺中市龍井區龍津里,1608,1146560,713,555,341,899,-0.034756,665.93,93.39,0.0891
66000250008,臺中市,龍井區,三德里,Sande Vil.,B,66000,B25,66000250,66,962,3466,869,3723,臺中市龍井區三德里,951,622663,655,507,314,819,-0.06903,534.27,81.6,0.0704
66000250009,臺中市,龍井區,忠和里,Zhonghe Vil.,B,66000,B25,66000250,123,1644,6094,1365,5918,臺中市龍井區忠和里,1729,1348149,780,578,348,982,0.02974,742.54,95.23,0.0846
66000250010,臺中市,龍井區,山腳里,Shanjiao Vil.,B,66000,B25,66000250,191,2103,7027,1714,6286,臺中市龍井區山腳里,1841,1353073,735,578,347,968,0.117881,582.37,79.24,0.0882
66000250011,臺中市,龍井區,龍泉里,Longquan Vil.,B,66000,B25,66000250,324,2926,9060,1956,7044,臺中市龍井區龍泉里,2487,2145097,863,674,392,1098,0.286201,767.54,88.99,0.1109
66000250012,臺中市,龍井區,龍崗里,Longgang Vil.,B,66000,B25,66000250,71,928,3121,804,3095,臺中市龍井區龍崗里,845,625455,740,546,336,888,0.008401,724.39,97.87,0.0806
66000250013,臺中市,龍井區,新庄里,Xinzhuang Vil.,B,66000,B25,66000250,111,2286,7634,1904,7339,臺中市龍井區新庄里,1871,1408075,753,569,347,956,0.040196,673.87,89.54,0.0588
66000250014,臺中市,龍井區,南寮里,Nanliao Vil.,B,66000,B25,66000250,21,497,1909,432,2030,臺中市龍井區南寮里,431,299206,694,556,358,842,-0.059606,553.09,79.67,0.0684
66000250015,臺中市,龍井區,新東里,Xindong Vil.,B,66000,B25,66000250,391,2096,5725,1745,5120,臺中市龍井區新東里,1534,1468059,957,581,342,1006,0.118164,5911.61,617.71,0.1091
66000250016,臺中市,龍井區,東海里,Donghai Vil.,B,66000,B25,66000250,482,3696,10573,3060,8634,臺中市龍井區東海里,2907,3440005,1183,669,376,1208,0.224577,11489.96,970.97,0.109
66000260002,臺中市,霧峰區,吉峰里,Jifeng Vil.,B,66000,B26,66000260,289,3493,10766,3049,10329,臺中市霧峰區吉峰里,2912,2207461,758,520,319,858,0.042308,1599.56,211.01,0.0778
66000260003,臺中市,霧峰區,甲寅里,Jiayin Vil.,B,66000,B26,66000260,137,1890,5494,1677,5328,臺中市霧峰區甲寅里,1393,990481,711,522,323,882,0.031156,685.14,96.36,0.0692
66000260005,臺中市,霧峰區,中正里,Zhongzheng Vil.,B,66000,B26,66000260,75,836,2366,762,2300,臺中市霧峰區中正里,631,498202,790,569,354,970,0.028696,1245.64,157.77,0.085
66000260006,臺中市,霧峰區,錦榮里,Jinrong Vil.,B,66000,B26,66000260,68,483,1443,407,1292,臺中市霧峰區錦榮里,332,253943,765,570,317,992,0.116873,671.92,87.85,0.1211
66000260007,臺中市,霧峰區,萊園里,Laiyuan Vil.,B,66000,B26,66000260,29,408,1259,378,1383,臺中市霧峰區萊園里,282,205600,729,496,336,919,-0.08966,675.38,92.64,0.0842
66000260008,臺中市,霧峰區,本堂里,Bentang Vil.,B,66000,B26,66000260,238,2437,7009,2166,6779,臺中市霧峰區本堂里,1945,1574388,809,592,340,986,0.033928,842.91,104.13,0.085
66000260011,臺中市,霧峰區,南柳里,Nanliu Vil.,B,66000,B26,66000260,50,638,2249,594,2281,臺中市霧峰區南柳里,524,348798,666,507,299,803,-0.014029,580.23,87.17,0.0615
66000260012,臺中市,霧峰區,四德里,Side Vil.,B,66000,B26,66000260,86,868,2855,703,2705,臺中市霧峰區四德里,683,511744,749,524,327,842,0.055453,818.13,109.19,0.1041
66000260013,臺中市,霧峰區,五福里,Wufu Vil.,B,66000,B26,66000260,39,834,2972,768,3208,臺中市霧峰區五福里,724,500071,691,512,317,886,-0.073566,636.47,92.15,0.052
66000260017,臺中市,霧峰區,六股里,Liugu Vil.,B,66000,B26,66000260,68,815,2878,764,2919,臺中市霧峰區六股里,647,414767,641,522,320,832,-0.014046,493.23,76.94,0.0911
66000260018,臺中市,霧峰區,丁台里,Dingtai Vil.,B,66000,B26,66000260,47,730,2742,664,2732,臺中市霧峰區丁台里,439,286396,652,508,295,789,0.00366,676.52,97.14,0.0675
66000260019,臺中市,霧峰區,北勢里,Beishi Vil.,B,66000,B26,66000260,43,702,2576,550,2379,臺中市霧峰區北勢里,534,382190,716,548,323,866,0.082808,622.75,87.01,0.0681
66000260020,臺中市,霧峰區,南勢里,Nanshi Vil.,B,66000,B26,66000260,82,397,1555,367,1626,臺中市霧峰區南勢里,301,204095,678,514,315,786,-0.043665,709.89,104.7,0.0636
66000270001,臺中市,太平區,太平里,Taiping Vil.,B,66000,B27,66000270,147,2047,6568,1962,7089,臺中市太平區太平里,1869,1393783,746,502,301,856,-0.073494,992.69,133.12,0.0808
66000270002,臺中市,太平區,長億里,Changyi Vil.,B,66000,B27,66000270,122,2363,7397,1839,6191,臺中市太平區長億里,1737,1219873,702,558,336,896,0.194799,595.53,84.8,0.0561
66000270003,臺中市,太平區,中平里,Zhongping Vil.,B,66000,B27,66000270,97,1617,4956,1378,4627,臺中市太平區中平里,1215,878615,723,534,313,844,0.071104,1409.18,194.87,0.0634
66000270004,臺中市,太平區,中興里,Zhongxing Vil.,B,66000,B27,66000270,59,1246,3894,1173,4108,臺中市太平區中興里,1129,795922,705,552,312,864,-0.052093,688.52,97.67,0.0517
66000270005,臺中市,太平區,建國里,Jianguo Vil.,B,66000,B27,66000270,66,1114,3429,1068,3621,臺中市太平區建國里,865,583167,674,507,290,793,-0.053024,701.81,104.1,0.0602
66000270006,臺中市,太平區,東平里,Dongping Vil.,B,66000,B27,66000270,121,1662,5074,1364,4647,臺中市太平區東平里,1199,866542,723,545,335,853,0.091887,1240.77,171.68,0.0704
66000270007,臺中市,太平區,宜欣里,Yixin Vil.,B,66000,B27,66000270,194,2427,7253,2110,6922,臺中市太平區宜欣里,1731,1123351,649,518,311,824,0.047819,568.41,87.59,0.0819
66000270008,臺中市,太平區,中山里,Zhongshan Vil.,B,66000,B27,66000270,74,1760,4152,1534,4153,臺中市太平區中山里,852,597911,702,542,331,887,-0.000241,576.43,82.14,0.0614
66000270009,臺中市,太平區,坪林里,Pinglin Vil.,B,66000,B27,66000270,130,1263,3817,1197,4042,臺中市太平區坪林里,879,629588,716,536,323,889,-0.055666,648.39,90.53,0.0846
66000270010,臺中市,太平區,光華里,Guanghua Vil.,B,66000,B27,66000270,152,2097,6050,1755,5643,臺中市太平區光華里,1470,1037183,706,555,329,868,0.072125,660.39,93.6,0.0746
66000270011,臺中市,太平區,新坪里,Xinping Vil.,B,66000,B27,66000270,387,3417,9391,2432,7468,臺中市太平區新坪里,2184,1732538,793,587,352,994,0.257499,780.31,98.36,0.1139
66000270012,臺中市,太平區,新光里,Xinguang Vil.,B,66000,B27,66000270,281,2980,8994,2396,7992,臺中市太平區新光里,2143,1640500,766,564,331,936,0.125375,845.66,110.47,0.0977
66000270013,臺中市,太平區,新福里,Xinfu Vil.,B,66000,B27,66000270,562,2986,7946,1931,5758,臺中市太平區新福里,1843,1553072,843,624,365,1076,0.379993,749.88,88.99,0.177
66000270014,臺中市,太平區,頭汴里,Toubian Vil.,B,66000,B27,66000270,67,678,2087,686,2438,臺中市太平區頭汴里,408,240899,590,435,253,710,-0.14397,681.01,115.34,0.1117
66000270016,臺中市,太平區,興隆里,Xinglong Vil.,B,66000,B27,66000270,127,1265,3886,1144,3976,臺中市太平區興隆里,751,469558,625,470,288,771,-0.022636,604.87,96.74,0.1041
66000270017,臺中市,太平區,光隆里,Guanglong Vil.,B,66000,B27,66000270,47,1164,3761,1034,3793,臺中市太平區光隆里,840,541386,645,499,318,801,-0.008437,544.79,84.53,0.048
66000270018,臺中市,太平區,德隆里,Delong Vil.,B,66000,B27,66000270,121,1918,5814,1566,5236,臺中市太平區德隆里,1362,973363,715,493,316,782,0.11039,2352.68,329.2,0.0671
66000270020,臺中市,太平區,永成里,Yongcheng Vil.,B,66000,B27,66000270,225,2629,8264,2020,6649,臺中市太平區永成里,1928,1320344,685,530,316,872,0.242894,608.57,88.86,0.0905
66000270021,臺中市,太平區,永平里,Yongping Vil.,B,66000,B27,66000270,101,1637,4845,1360,4521,臺中市太平區永平里,1215,924036,761,559,328,922,0.071666,833.03,109.53,0.0617
66000270022,臺中市,太平區,成功里,Chenggong Vil.,B,66000,B27,66000270,108,1582,4746,1355,4456,臺中市太平區成功里,1030,702656,682,533,304,837,0.065081,633.81,92.91,0.0745
66000270023,臺中市,太平區,東和里,Donghe Vil.,B,66000,B27,66000270,98,1111,3457,869,2929,臺中市太平區東和里,789,561683,712,522,323,875,0.180266,673.05,94.54,0.0962
66000270024,臺中市,太平區,中政里,Zhongzheng Vil.,B,66000,B27,66000270,88,1537,4440,1383,4519,臺中市太平區中政里,1020,674739,662,536,318,845,-0.017482,544.03,82.24,0.0622
66000270025,臺中市,太平區,平安里,Ping'an Vil.,B,66000,B27,66000270,39,842,2689,752,2744,臺中市太平區平安里,652,400863,615,506,304,809,-0.020044,460.65,74.92,0.055
66000270026,臺中市,太平區,建興里,Jianxing Vil.,B,66000,B27,66000270,133,1232,3400,1151,3573,臺中市太平區建興里,766,489581,639,524,315,766,-0.048419,587.6,91.94,0.1106
66000270027,臺中市,太平區,新興里,Xinxing Vil.,B,66000,B27,66000270,284,2535,6790,757,2465,臺中市太平區新興里,1729,1643465,951,726,396,1248,1.754564,893.7,94.02,0.1066
66000270028,臺中市,太平區,新高里,Xingao Vil.,B,66000,B27,66000270,456,3637,9336,1369,4139,臺中市太平區新高里,2218,2085941,940,678,389,1165,1.255617,1257.19,133.68,0.1176
66000270029,臺中市,太平區,新吉里,Xinji Vil.,B,66000,B27,66000270,225,2326,6937,1830,5984,臺中市太平區新吉里,1689,1266979,750,572,353,983,0.159258,633.5,84.45,0.1006
66000270030,臺中市,太平區,新城里,Xincheng Vil.,B,66000,B27,66000270,210,2461,6760,1921,5717,臺中市太平區新城里,1442,1069629,742,591,347,926,0.182438,628.84,84.78,0.0846
66000270031,臺中市,太平區,宜佳里,Yijia Vil.,B,66000,B27,66000270,197,2497,7172,2167,6730,臺中市太平區宜佳里,1752,1251035,714,537,329,875,0.065676,650.85,91.15,0.079
66000270032,臺中市,太平區,宜昌里,Yichang Vil.,B,66000,B27,66000270,173,1600,4454,1375,4223,臺中市太平區宜昌里,1090,764344,701,545,331,882,0.0547,609.35,86.9,0.1001
66000270033,臺中市,太平區,光明里,Guangming Vil.,B,66000,B27,66000270,135,1638,4418,1431,4238,臺中市太平區光明里,1063,874524,823,599,363,1005,0.042473,833.05,101.26,0.0884
66000270034,臺中市,太平區,豐年里,Fengnian Vil.,B,66000,B27,66000270,97,1712,5071,1544,4991,臺中市太平區豐年里,1314,983097,748,559,335,940,0.016029,734.34,98.15,0.0586
66000270035,臺中市,太平區,大興里,Daxing Vil.,B,66000,B27,66000270,66,963,2880,815,2775,臺中市太平區大興里,684,470041,687,532,311,845,0.037838,603.09,87.76,0.0738
66000270036,臺中市,太平區,勤益里,Qinyi Vil.,B,66000,B27,66000270,183,899,2531,848,2689,臺中市太平區勤益里,640,497722,778,554,325,906,-0.058758,1657.69,213.15,0.1158
66000270037,臺中市,太平區,聖和里,Shenghe Vil.,B,66000,B27,66000270,90,598,1755,563,1871,臺中市太平區聖和里,388,305149,786,514,306,841,-0.061999,1065.72,135.51,0.155
66000270038,臺中市,太平區,福隆里,Fulong Vil.,B,66000,B27,66000270,81,1388,4221,1215,4007,臺中市太平區福隆里,1012,641586,634,506,307,821,0.053407,540.26,85.22,0.0675
66000270039,臺中市,太平區,永隆里,Yonglong Vil.,B,66000,B27,66000270,319,958,3029,874,3092,臺中市太平區永隆里,686,440684,642,483,319,757,-0.020375,636.78,99.13,0.0531
66000280001,臺中市,大里區,大里里,Da Vil.,B,66000,B28,66000280,91,1379,4188,1229,4278,臺中市大里區大里里,1022,721804,706,524,316,872,-0.021038,658.13,93.18,0.0684
66000280002,臺中市,大里區,新里里,Xin Vil.,B,66000,B28,66000280,332,4474,12446,3450,10710,臺中市大里區新里里,2994,2672311,893,615,339,1143,0.162092,1026.8,115.04,0.0945
66000280003,臺中市,大里區,樹王里,Shuwang Vil.,B,66000,B28,66000280,182,1324,4536,1080,4119,臺中市大里區樹王里,1055,771896,732,548,312,933,0.101238,682.11,93.23,0.1465
66000280004,臺中市,大里區,東興里,Dongxing Vil.,B,66000,B28,66000280,216,2783,8352,2530,8458,臺中市大里區東興里,2422,1911589,789,569,343,974,-0.012533,796.79,100.95,0.0758
66000280005,臺中市,大里區,祥興里,Xiangxing Vil.,B,66000,B28,66000280,368,3186,8264,2525,7239,臺中市大里區祥興里,2204,1554073,705,548,315,900,0.141594,604.02,85.66,0.1099
66000280006,臺中市,大里區,日新里,Rixin Vil.,B,66000,B28,66000280,199,1661,4824,1461,4611,臺中市大里區日新里,1193,922706,773,573,335,979,0.046194,713.5,92.25,0.1218
66000020017,臺中市,東區,東英里,Dongying Vil.,B,66000,B02,66000020,277,2993,8349,2274,6967,臺中市東區東英里,2261,2030400,898,634,344,1131,0.198364,1014.46,112.97,0.0903
66000030001,臺中市,南區,城隍里,Chenghuang Vil.,B,66000,B03,66000030,196,1688,4112,1468,4095,臺中市南區城隍里,1214,1010355,832,614,334,1045,0.004151,893.7,107.38,0.104
66000030002,臺中市,南區,國光里,Guoguang Vil.,B,66000,B03,66000030,163,1812,4418,1726,4712,臺中市南區國光里,1329,1089994,820,599,338,1011,-0.062394,795.4,96.98,0.1337
66000030003,臺中市,南區,南門里,Nanmen Vil.,B,66000,B03,66000030,274,1693,3986,1504,4118,臺中市南區南門里,1284,1212852,945,637,362,1193,-0.032054,1073.16,113.61,0.12
66000030004,臺中市,南區,德義里,Deyi Vil.,B,66000,B03,66000030,212,1401,3259,1165,3172,臺中市南區德義里,1062,947899,893,608,347,1132,0.027427,879.57,98.54,0.0992
66000280007,臺中市,大里區,西榮里,Xirong Vil.,B,66000,B28,66000280,209,2403,6786,2061,6591,臺中市大里區西榮里,1822,1314629,722,539,309,924,0.029586,736.89,102.13,0.0852
66000280008,臺中市,大里區,內新里,Neixin Vil.,B,66000,B28,66000280,260,3813,10086,3003,8659,臺中市大里區內新里,2718,2135364,786,603,348,999,0.1648,731.49,93.11,0.0657
66000280009,臺中市,大里區,東昇里,Dongsheng Vil.,B,66000,B28,66000280,123,1352,4107,1132,3869,臺中市大里區東昇里,1045,853097,816,581,332,991,0.061515,920.35,112.74,0.0956
66000280010,臺中市,大里區,立仁里,Liren Vil.,B,66000,B28,66000280,142,2193,6318,1751,5710,臺中市大里區立仁里,1546,1007746,652,512,307,798,0.10648,601.76,92.32,0.066
66000280011,臺中市,大里區,新仁里,Xinren Vil.,B,66000,B28,66000280,361,2991,9163,2451,8561,臺中市大里區新仁里,2269,1528673,674,523,309,853,0.070319,613.6,91.08,0.1199
66000280012,臺中市,大里區,大元里,Dayuan Vil.,B,66000,B28,66000280,126,1591,5157,1416,4988,臺中市大里區大元里,1449,1064585,735,538,312,899,0.033881,708.96,96.5,0.0894
66000280013,臺中市,大里區,夏田里,Xiatian Vil.,B,66000,B28,66000280,25,355,1149,301,1174,臺中市大里區夏田里,274,204617,747,520,306,858,-0.021295,747.27,100.07,0.0844
66000280014,臺中市,大里區,仁化里,Renhua Vil.,B,66000,B28,66000280,226,3195,10504,2807,9731,臺中市大里區仁化里,2656,1925483,725,533,335,884,0.079437,848.68,117.07,0.0731
66000280015,臺中市,大里區,健民里,Jianmin Vil.,B,66000,B28,66000280,98,1749,5238,1616,5339,臺中市大里區健民里,1164,734522,631,497,306,766,-0.018917,611.46,96.9,0.0666
66000280016,臺中市,大里區,塗城里,Tucheng Vil.,B,66000,B28,66000280,192,3157,10048,2721,9661,臺中市大里區塗城里,2485,1595628,642,522,330,794,0.040058,523.46,81.52,0.0633
66000280017,臺中市,大里區,瑞城里,Ruicheng Vil.,B,66000,B28,66000280,225,4468,14308,4018,14098,臺中市大里區瑞城里,3717,2720673,732,539,338,884,0.014896,844.11,115.32,0.0544
66000280018,臺中市,大里區,金城里,Jincheng Vil.,B,66000,B28,66000280,309,3993,11783,3580,11762,臺中市大里區金城里,2806,1915231,683,532,331,847,0.001785,628.19,92.04,0.0803
66000280019,臺中市,大里區,東湖里,Donghu Vil.,B,66000,B28,66000280,396,4326,12264,3340,10098,臺中市大里區東湖里,3121,2246196,720,559,343,906,0.214498,616.77,85.7,0.0899
66000280021,臺中市,大里區,國光里,Guoguang Vil.,B,66000,B28,66000280,163,2271,7033,2009,6572,臺中市大里區國光里,2049,1938988,946,636,358,1180,0.070146,2120.57,224.09,0.077
66000280022,臺中市,大里區,大明里,Daming Vil.,B,66000,B28,66000280,179,1762,4877,1593,4959,臺中市大里區大明里,1290,983316,762,569,325,955,-0.016536,752.97,98.78,0.0988
66000280023,臺中市,大里區,永隆里,Yonglong Vil.,B,66000,B28,66000280,319,4320,13442,3095,9843,臺中市大里區永隆里,3467,3609826,1041,757,400,1372,0.365641,982.39,94.35,0.0854
66000280024,臺中市,大里區,長榮里,Changrong Vil.,B,66000,B28,66000280,352,3706,10818,3021,9885,臺中市大里區長榮里,3005,2585600,860,594,343,1077,0.094385,911.03,105.88,0.0991
66000280025,臺中市,大里區,中新里,Zhongxin Vil.,B,66000,B28,66000280,145,2334,6641,1783,5501,臺中市大里區中新里,1707,1424730,835,611,366,1050,0.207235,1164.6,139.53,0.0664
66000280026,臺中市,大里區,立德里,Lide Vil.,B,66000,B28,66000280,248,3182,9441,2303,7700,臺中市大里區立德里,2485,1907590,768,579,345,979,0.226104,697.31,90.84,0.0778
66000280027,臺中市,大里區,仁德里,Rende Vil.,B,66000,B28,66000280,147,2266,7461,1994,7213,臺中市大里區仁德里,1964,1404259,715,539,312,911,0.034382,642.66,89.88,0.0689
66000290001,臺中市,和平區,南勢里,Nanshi Vil.,B,66000,B29,66000290,82,907,2142,879,2222,臺中市和平區南勢里,395,272708,690,527,322,838,-0.036004,607,87.92,0.1821
66000290004,臺中市,和平區,中坑里,Zhongkeng Vil.,B,66000,B29,66000290,27,245,519,211,508,臺中市和平區中坑里,89,57708,648,447,315,823,0.021654,562.6,86.77,0.2
66000290005,臺中市,和平區,自由里,Ziyou Vil.,B,66000,B29,66000290,40,491,1253,468,1209,臺中市和平區自由里,149,107487,721,574,335,958,0.036394,650.38,90.16,0.1282
66000290006,臺中市,和平區,達觀里,Daguan Vil.,B,66000,B29,66000290,29,497,1333,481,1333,臺中市和平區達觀里,137,95966,700,547,294,848,0,600.77,85.76,0.1172
66000120S02,臺中市,清水區,清泉崗機場,,B,66000,B12,66000120,0,,,,,臺中市清水區清泉崗機場,,,,,,,,,,
66000230005,臺中市,烏日區,學田里,Xuetian Vil.,B,66000,B23,66000230,195,1078,3011,711,2481,臺中市烏日區學田里,708,1274456,1800,558,343,989,0.213624,18921.02,1051.12,0.1881
66000180014,臺中市,大雅區,大楓里,Dafeng Vil.,B,66000,B18,66000180,154,1890,5998,1600,5535,臺中市大雅區大楓里,1510,1043398,691,516,328,858,0.08365,648.81,93.89,0.0861
66000030005,臺中市,南區,積善里,Jishan Vil.,B,66000,B03,66000030,152,1120,2890,1168,3327,臺中市南區積善里,825,670330,813,581,339,1021,-0.13135,833.17,102.54,0.0906
66000030006,臺中市,南區,江川里,Jiangchuan Vil.,B,66000,B03,66000030,126,1307,3186,1064,2961,臺中市南區江川里,1010,963821,954,634,339,1218,0.075988,1056.33,110.69,0.0804
66000030007,臺中市,南區,新榮里,Xinrong Vil.,B,66000,B03,66000030,379,2270,5451,1921,4822,臺中市南區新榮里,1574,1397580,888,635,356,1141,0.130444,1037.57,116.85,0.1147
66000030008,臺中市,南區,福興里,Fuxing Vil.,B,66000,B03,66000030,21,1683,4515,1486,4407,臺中市南區福興里,1265,1049448,830,612,328,1082,0.024506,771.05,92.94,0.1057
66000030009,臺中市,南區,福平里,Fuping Vil.,B,66000,B03,66000030,210,2324,6273,2074,6064,臺中市南區福平里,1807,1468635,813,586,339,1017,0.034466,807.2,99.32,0.0821
66000030010,臺中市,南區,和平里,Heping Vil.,B,66000,B03,66000030,746,1884,4621,1379,3699,臺中市南區和平里,1374,1242708,904,655,360,1133,0.249257,1202.89,133,0.0877
66000030011,臺中市,南區,永興里,Yongxing Vil.,B,66000,B03,66000030,263,3668,9585,2824,7480,臺中市南區永興里,2703,2539475,940,673,375,1209,0.281417,921.06,98.04,0.0628
66000030012,臺中市,南區,樹義里,Shuyi Vil.,B,66000,B03,66000030,518,5228,14543,3764,11238,臺中市南區樹義里,4055,3767768,929,689,383,1191,0.294091,857.46,92.28,0.092
66000030013,臺中市,南區,樹德里,Shude Vil.,B,66000,B03,66000030,423,3999,10066,3071,8227,臺中市南區樹德里,2920,2909492,996,748,414,1293,0.223532,1044.66,104.84,0.0916
66000030014,臺中市,南區,西川里,Xichuan Vil.,B,66000,B03,66000030,131,1904,5181,1769,4999,臺中市南區西川里,1517,1420565,936,669,382,1233,0.036407,875.78,93.52,0.0639
66000030015,臺中市,南區,長春里,Changchun Vil.,B,66000,B03,66000030,161,891,2211,984,2794,臺中市南區長春里,694,599335,864,583,325,1053,-0.208661,1233.26,142.81,0.1554
66000030016,臺中市,南區,長榮里,Changrong Vil.,B,66000,B03,66000030,352,1135,3004,1152,3512,臺中市南區長榮里,937,758411,809,567,328,1004,-0.144647,783.53,96.8,0.1328
66000030017,臺中市,南區,福順里,Fushun Vil.,B,66000,B03,66000030,318,2607,6479,2099,5507,臺中市南區福順里,1933,1768666,915,645,374,1153,0.176503,946.77,103.47,0.1019
66000030018,臺中市,南區,平和里,Pinghe Vil.,B,66000,B03,66000030,290,1482,4066,1393,4252,臺中市南區平和里,1160,1039497,896,630,356,1108,-0.043744,930.65,103.85,0.0785
66000030019,臺中市,南區,南和里,Nanhe Vil.,B,66000,B03,66000030,237,3681,8555,2648,6656,臺中市南區南和里,2314,2157998,933,648,377,1226,0.285306,937.13,100.49,0.0728
66000030020,臺中市,南區,永和里,Yonghe Vil.,B,66000,B03,66000030,20,2103,5214,1644,4437,臺中市南區永和里,1481,1282186,866,636,370,1095,0.175118,846.16,97.74,0.0767
66000030021,臺中市,南區,工學里,Gongxue Vil.,B,66000,B03,66000030,207,3153,8259,1915,5573,臺中市南區工學里,2382,2407149,1011,762,420,1308,0.481967,897.18,88.78,0.0608
66000030022,臺中市,南區,崇倫里,Chonglun Vil.,B,66000,B03,66000030,190,2567,6697,2050,5826,臺中市南區崇倫里,1906,1772988,930,691,404,1206,0.149502,858.56,92.3,0.0667
66000040001,臺中市,西區,民生里,Minsheng Vil.,B,66000,B04,66000040,58,989,2598,1255,3574,臺中市西區民生里,658,689582,1048,700,372,1272,-0.273083,1530.97,146.09,0.19
66000040002,臺中市,西區,利民里,Limin Vil.,B,66000,B04,66000040,105,724,2068,996,3084,臺中市西區利民里,511,608399,1191,750,384,1509,-0.329442,1436.32,120.64,0.1565
66000040003,臺中市,西區,三民里,Sanmin Vil.,B,66000,B04,66000040,93,1366,3031,1327,3762,臺中市西區三民里,641,789213,1231,811,407,1746,-0.194312,1203.22,97.73,0.1263
66000040004,臺中市,西區,東昇里,Dongsheng Vil.,B,66000,B04,66000040,123,1081,2893,1082,3148,臺中市西區東昇里,862,873637,1013,714,383,1247,-0.081004,1040.02,102.62,0.1088
66000040005,臺中市,西區,廣民里,Guangmin Vil.,B,66000,B04,66000040,84,695,1786,813,2449,臺中市西區廣民里,456,440040,965,548,302,998,-0.270723,1862.89,193.05,0.1312
66000040006,臺中市,西區,平和里,Pinghe Vil.,B,66000,B04,66000040,290,1029,2537,939,2492,臺中市西區平和里,695,678839,977,671,348,1267,0.018058,1023.07,104.74,0.1117
66000040007,臺中市,西區,公民里,Gongmin Vil.,B,66000,B04,66000040,291,2254,5585,2089,5680,臺中市西區公民里,1769,1888590,1068,639,345,1258,-0.016725,1822.93,170.75,0.1133
66000040008,臺中市,西區,藍興里,Lanxing Vil.,B,66000,B04,66000040,212,1882,4968,1668,4986,臺中市西區藍興里,1443,1453728,1007,655,359,1250,-0.00361,1114.36,110.61,0.1087
66000040009,臺中市,西區,公?里,Gongguan  Vil.,B,66000,B04,66000040,560,2752,6773,2298,6381,臺中市西區公?里,1903,1770156,930,607,348,1115,0.061432,1174.73,126.29,0.1451
66000040010,臺中市,西區,和龍里,Helong Vil.,B,66000,B04,66000040,166,1118,2685,1011,2700,臺中市西區和龍里,633,511887,809,535,295,951,-0.005556,1029.4,127.3,0.1117
66000060022,臺中市,西屯區,何德里,Hede Vil.,B,66000,B06,66000060,121,1602,4300,1472,4221,臺中市西屯區何德里,1353,1280847,947,664,383,1200,0.018716,1085.27,114.64,0.0619
66000060023,臺中市,西屯區,何源里,Heyuan Vil.,B,66000,B06,66000060,241,2812,7734,2538,7679,臺中市西屯區何源里,2256,2015468,893,637,353,1111,0.007162,902.54,101.03,0.0806
66000060024,臺中市,西屯區,西平里,Xiping Vil.,B,66000,B06,66000060,1157,2419,6100,2507,7375,臺中市西屯區西平里,1598,1494753,935,666,369,1256,-0.172881,903.66,96.61,0.1757
66000060025,臺中市,西屯區,何南里,Henan Vil.,B,66000,B06,66000060,158,1943,4902,1717,4879,臺中市西屯區何南里,1687,1626339,964,648,352,1176,0.004714,1098.7,113.97,0.0722
66000060026,臺中市,西屯區,至善里,Zhishan Vil.,B,66000,B06,66000060,336,2089,5346,1790,4989,臺中市西屯區至善里,1570,1750798,1115,739,394,1438,0.071557,2064.15,185.1,0.1073
66000060027,臺中市,西屯區,上安里,Shang'an Vil.,B,66000,B06,66000060,326,2616,6487,2025,5334,臺中市西屯區上安里,1911,2090138,1094,791,437,1396,0.21616,1060.82,96.99,0.0962
66000060028,臺中市,西屯區,上德里,Shangde Vil.,B,66000,B06,66000060,131,1879,4979,1730,4988,臺中市西屯區上德里,1558,1494968,960,644,388,1226,-0.001804,973.62,101.47,0.0639
66000060029,臺中市,西屯區,逢福里,Fengfu Vil.,B,66000,B06,66000060,271,2461,6593,2311,6439,臺中市西屯區逢福里,1823,1824363,1001,705,384,1264,0.023917,977.34,97.66,0.0858
66000060030,臺中市,西屯區,何明里,Heming Vil.,B,66000,B06,66000060,139,1581,4214,1438,4238,臺中市西屯區何明里,1292,1136660,880,598,350,1072,-0.005663,1002.81,113.99,0.0785
66000060031,臺中市,西屯區,何成里,Hecheng Vil.,B,66000,B06,66000060,333,3343,8591,2975,8218,臺中市西屯區何成里,2666,2564305,962,657,364,1186,0.045388,1059.44,110.15,0.0875
66000060032,臺中市,西屯區,何福里,Hefu Vil.,B,66000,B06,66000060,156,1917,5099,1738,5067,臺中市西屯區何福里,1532,1373126,896,643,349,1138,0.006315,894.13,99.76,0.0738
66000060033,臺中市,西屯區,福和里,Fuhe Vil.,B,66000,B06,66000060,142,1716,5141,1443,4853,臺中市西屯區福和里,1441,1351698,938,614,370,1054,0.059345,1347.02,143.6,0.0801
66000060034,臺中市,西屯區,福中里,Fuzhong Vil.,B,66000,B06,66000060,113,1347,3824,1184,3730,臺中市西屯區福中里,1170,1177225,1006,646,382,1135,0.025201,2526.81,251.13,0.0797
66000060035,臺中市,西屯區,福恩里,Fu'en Vil.,B,66000,B06,66000060,331,2260,5713,1667,4645,臺中市西屯區福恩里,1850,2164312,1170,788,421,1439,0.229925,2762.53,236.13,0.1142
66000060036,臺中市,西屯區,福聯里,Fulian Vil.,B,66000,B06,66000060,396,1644,3990,1133,2875,臺中市西屯區福聯里,1022,1214430,1188,690,403,1333,0.387826,2056.21,173.04,0.151
66000060037,臺中市,西屯區,福瑞里,Furui Vil.,B,66000,B06,66000060,127,1461,3850,1200,3239,臺中市西屯區福瑞里,1073,1229742,1146,776,444,1372,0.188638,1212.5,105.8,0.0794
66000060038,臺中市,西屯區,福林里,Fulin Vil.,B,66000,B06,66000060,300,3579,9464,2396,6816,臺中市西屯區福林里,2814,4003839,1423,931,466,1777,0.388498,1708.82,120.1,0.0732
66000060039,臺中市,西屯區,福雅里,Fuya Vil.,B,66000,B06,66000060,249,2785,7415,2157,6119,臺中市西屯區福雅里,2052,2480450,1209,752,420,1404,0.211799,2793.84,231.13,0.0777
66000070001,臺中市,南屯區,南屯里,Nantun Vil.,B,66000,B07,66000070,219,3966,11020,2846,8193,臺中市南屯區南屯里,3124,3561986,1140,763,406,1462,0.345051,1329.1,116.57,0.0543
66000070002,臺中市,南屯區,豐樂里,Fengle Vil.,B,66000,B07,66000070,742,4953,13536,3656,10964,臺中市南屯區豐樂里,4264,5726468,1343,812,417,1671,0.234586,2476.83,184.43,0.1412
66000070003,臺中市,南屯區,楓樹里,Fengshu Vil.,B,66000,B07,66000070,277,2479,7171,1808,6097,臺中市南屯區楓樹里,1945,1967552,1012,681,396,1235,0.176152,1032.25,102.04,0.1093
66000070004,臺中市,南屯區,中和里,Zhonghe Vil.,B,66000,B07,66000070,28,1686,5191,1548,5373,臺中市南屯區中和里,1381,1036860,751,568,341,932,-0.033873,736.04,98.03,0.0528
66000040012,臺中市,西區,後龍里,Houlong Vil.,B,66000,B04,66000040,351,1807,4297,1586,4145,臺中市西區後龍里,1222,1579856,1293,664,338,1276,0.036671,3634.03,281.09,0.1443
66000040013,臺中市,西區,安龍里,Anlong Vil.,B,66000,B04,66000040,239,1435,3258,1223,3140,臺中市西區安龍里,1097,1346057,1227,653,360,1265,0.03758,3517.18,286.64,0.1257
66000040014,臺中市,西區,吉龍里,Jilong Vil.,B,66000,B04,66000040,315,3001,7676,2865,7959,臺中市西區吉龍里,2464,3087087,1253,677,355,1295,-0.035557,5617.92,448.4,0.0898
66000040015,臺中市,西區,昇平里,Shengping Vil.,B,66000,B04,66000040,383,2670,6569,2456,6738,臺中市西區昇平里,2010,2049655,1020,668,369,1177,-0.025082,1294.82,126.98,0.1168
66000040016,臺中市,西區,忠明里,Zhongming Vil.,B,66000,B04,66000040,465,2855,6787,2317,6274,臺中市西區忠明里,2138,2822791,1320,638,339,1349,0.081766,3761.76,284.92,0.11
66000040017,臺中市,西區,公正里,Gongzheng Vil.,B,66000,B04,66000040,198,2846,7676,2500,7112,臺中市西區公正里,2342,2382486,1017,681,370,1243,0.079303,1240.23,121.92,0.0652
66000040018,臺中市,西區,土庫里,Tuku Vil.,B,66000,B04,66000040,286,2634,6627,2260,6313,臺中市西區土庫里,2110,2813744,1334,698,347,1402,0.049739,2894.6,217.06,0.0931
66000040019,臺中市,西區,忠誠里,Zhongcheng Vil.,B,66000,B04,66000040,308,2597,6641,2429,6865,臺中市西區忠誠里,2145,2257170,1052,627,336,1119,-0.032629,2737.58,260.15,0.1047
66000040020,臺中市,西區,公益里,Gongyi Vil.,B,66000,B04,66000040,101,1225,3239,1190,3607,臺中市西區公益里,911,676558,743,532,302,912,-0.102024,859.3,115.71,0.0723
66000040021,臺中市,西區,中興里,Zhongxing Vil.,B,66000,B04,66000040,59,1633,4167,1558,4554,臺中市西區中興里,1330,1843811,1386,641,334,1291,-0.08498,3706.34,267.35,0.0742
66000040022,臺中市,西區,公平里,Gongping Vil.,B,66000,B04,66000040,281,2387,5858,1958,5396,臺中市西區公平里,1800,2070684,1150,646,348,1208,0.085619,5293.36,460.14,0.089
66000040023,臺中市,西區,公德里,Gongde Vil.,B,66000,B04,66000040,195,2013,5135,1786,4887,臺中市西區公德里,1611,1727239,1072,691,380,1304,0.050747,1404.98,131.04,0.0841
66000040024,臺中市,西區,?龍里,Shuanglong  Vil.,B,66000,B04,66000040,117,1284,3180,1295,3555,臺中市西區?龍里,952,978410,1028,602,326,1135,-0.105485,1675.52,163.03,0.0857
66000040025,臺中市,西區,大忠里,Dazhong Vil.,B,66000,B04,66000040,205,2105,5316,1794,4919,臺中市西區大忠里,1705,1869228,1096,757,399,1438,0.080707,1129.03,102.98,0.0891
66000050001,臺中市,北區,光大里,Guangda Vil.,B,66000,B05,66000050,243,1106,2315,914,2355,臺中市北區光大里,592,437431,739,502,308,871,-0.016985,812.5,109.96,0.1596
66000050002,臺中市,北區,文莊里,Wenzhuang Vil.,B,66000,B05,66000050,137,1633,3795,1595,4265,臺中市北區文莊里,1023,803075,785,560,329,936,-0.110199,898.42,114.45,0.0807
66000050003,臺中市,北區,五常里,Wuchang Vil.,B,66000,B05,66000050,68,629,1618,658,1770,臺中市北區五常里,420,352795,840,624,350,1045,-0.085876,821.16,97.76,0.0915
66000050004,臺中市,北區,新興里,Xinxing Vil.,B,66000,B05,66000050,284,751,1686,824,2091,臺中市北區新興里,447,333508,746,545,292,933,-0.193687,756.01,101.33,0.1208
66000050005,臺中市,北區,新北里,Xinbei Vil.,B,66000,B05,66000050,206,900,1882,942,2292,臺中市北區新北里,619,671379,1085,614,304,1229,-0.178883,1775.15,163.67,0.1297
66000050006,臺中市,北區,樂英里,Leying Vil.,B,66000,B05,66000050,128,1329,2893,1444,3522,臺中市北區樂英里,681,504090,740,539,300,884,-0.178592,1109.34,149.87,0.1049
66000050007,臺中市,北區,錦村里,Jin Vil.,B,66000,B05,66000050,161,1418,3621,1313,3824,臺中市北區錦村里,1092,908397,832,585,329,1032,-0.053086,826.03,99.3,0.1041
66000050008,臺中市,北區,建成里,Jiancheng Vil.,B,66000,B05,66000050,274,2469,6484,2005,5745,臺中市北區建成里,1668,1166257,699,541,325,870,0.128634,605.52,86.6,0.0946
66000050009,臺中市,北區,錦洲里,Jinzhou Vil.,B,66000,B05,66000050,198,1513,3862,1361,3648,臺中市北區錦洲里,1113,914691,822,580,325,947,0.058662,1000.88,121.79,0.1121
66000050010,臺中市,北區,金華里,Jinhua Vil.,B,66000,B05,66000050,248,1208,2929,980,2596,臺中市北區金華里,911,1084401,1190,718,362,1392,0.128274,2318.19,194.75,0.1562
66000050011,臺中市,北區,金龍里,Jinlong Vil.,B,66000,B05,66000050,425,2130,4942,2000,5188,臺中市北區金龍里,1319,984561,746,541,306,897,-0.047417,930.29,124.63,0.1504
66000050012,臺中市,北區,邱厝里,Qiucuo Vil.,B,66000,B05,66000050,184,1080,2744,929,2517,臺中市北區邱厝里,816,953587,1169,674,370,1316,0.090187,1573.71,134.66,0.1188
66000050013,臺中市,北區,建興里,Jianxing Vil.,B,66000,B05,66000050,133,2640,6587,2555,7108,臺中市北區建興里,1867,1626915,871,583,328,1045,-0.073298,1097.23,125.91,0.0899
66000050014,臺中市,北區,頂厝里,Dingcuo Vil.,B,66000,B05,66000050,270,1996,4823,1840,5031,臺中市北區頂厝里,1468,1523664,1038,643,337,1163,-0.041344,1704.6,164.23,0.1032
66000050015,臺中市,北區,賴厝里,Laicuo Vil.,B,66000,B05,66000050,250,2904,6116,2511,5755,臺中市北區賴厝里,1412,1436765,1018,658,357,1247,0.062728,1173.46,115.32,0.1023
66000050016,臺中市,北區,賴村里,Lai Vil.,B,66000,B05,66000050,365,2213,5125,1957,5401,臺中市北區賴村里,1460,1354680,928,599,348,1064,-0.051102,2234.18,240.79,0.1018
66000050017,臺中市,北區,育德里,Yude Vil.,B,66000,B05,66000050,298,1734,4217,1398,3896,臺中市北區育德里,1266,1574839,1244,649,352,1287,0.082392,2634.23,211.76,0.1171
66000050018,臺中市,北區,淡溝里,Dangou Vil.,B,66000,B05,66000050,345,2488,6010,2004,5321,臺中市北區淡溝里,1769,1965329,1111,675,369,1249,0.129487,1569.1,141.24,0.1122
66000050019,臺中市,北區,中達里,Zhongda Vil.,B,66000,B05,66000050,121,1184,3094,1195,3376,臺中市北區中達里,839,668562,797,559,318,989,-0.083531,883.14,110.83,0.0866
66000050020,臺中市,北區,錦祥里,Jinxiang Vil.,B,66000,B05,66000050,362,2171,4813,1592,3925,臺中市北區錦祥里,1161,968183,834,585,331,1033,0.226242,910.82,109.22,0.1453
66000050021,臺中市,北區,健行里,Jianxing Vil.,B,66000,B05,66000050,363,2895,7699,2533,7393,臺中市北區健行里,2225,3536200,1589,645,331,1193,0.041391,21844.22,1374.45,0.1047
66000050022,臺中市,北區,明德里,Mingde Vil.,B,66000,B05,66000050,211,2395,6257,2055,6037,臺中市北區明德里,1935,1794945,928,626,349,1124,0.036442,1106.95,119.33,0.0789
66000050023,臺中市,北區,長青里,Changqing Vil.,B,66000,B05,66000050,219,2778,7205,2491,7176,臺中市北區長青里,2051,1706030,832,596,342,1057,0.004041,844.1,101.48,0.0752
66000060014,臺中市,西屯區,大鵬里,Dapeng Vil.,B,66000,B06,66000060,210,2186,5655,1800,5239,臺中市西屯區大鵬里,1527,1284626,841,591,355,1021,0.079404,950.1,112.94,0.0899
66000060015,臺中市,西屯區,港尾里,Gangwei Vil.,B,66000,B06,66000060,256,2084,6151,1930,6023,臺中市西屯區港尾里,1565,1390417,888,618,354,1090,0.021252,1039.65,117.02,0.1214
66000060016,臺中市,西屯區,廣福里,Guangfu Vil.,B,66000,B06,66000060,117,780,2895,811,3197,臺中市西屯區廣福里,718,614638,856,596,323,1046,-0.094464,1276.2,149.08,0.0484
66000060017,臺中市,西屯區,林厝里,Lincuo Vil.,B,66000,B06,66000060,204,1337,4371,1128,4067,臺中市西屯區林厝里,1135,1539762,1357,733,383,1634,0.074748,2389.31,176.12,0.1307
66000060018,臺中市,西屯區,永安里,Yong'an Vil.,B,66000,B06,66000060,44,6314,16294,4071,11705,臺中市西屯區永安里,4520,5158067,1141,762,426,1401,0.392055,1362.71,119.41,0.0938
66000060019,臺中市,西屯區,福安里,Fu'an Vil.,B,66000,B06,66000060,174,1302,3514,1089,3237,臺中市西屯區福安里,1025,1416548,1382,811,426,1536,0.085573,4499.75,325.6,0.1161
66000060020,臺中市,西屯區,協和里,Xiehe Vil.,B,66000,B06,66000060,221,2027,5548,1731,5475,臺中市西屯區協和里,1473,1549315,1052,638,377,1158,0.013333,2318.84,220.46,0.1164
66000060021,臺中市,西屯區,何仁里,Heren Vil.,B,66000,B06,66000060,347,2754,7300,2365,7062,臺中市西屯區何仁里,2184,1955997,896,626,361,1161,0.033702,983.56,109.82,0.1093
66000070006,臺中市,南屯區,春安里,Chun'an Vil.,B,66000,B07,66000070,65,406,941,347,960,臺中市南屯區春安里,203,198179,976,634,373,1084,-0.019792,1362.64,139.58,0.1536
66000070007,臺中市,南屯區,文山里,Wenshan Vil.,B,66000,B07,66000070,633,5190,13283,2989,8958,臺中市南屯區文山里,3606,3423877,949,735,435,1201,0.482809,1048.77,110.46,0.1152
66000070008,臺中市,南屯區,新生里,Xinsheng Vil.,B,66000,B07,66000070,806,1053,2260,528,1864,臺中市南屯區新生里,392,477964,1219,678,384,1228,0.212446,2634.18,216.04,0.4923
66000070009,臺中市,南屯區,永定里,Yongding Vil.,B,66000,B07,66000070,228,2225,6178,1780,5257,臺中市南屯區永定里,1604,1611198,1004,660,391,1227,0.175195,1341.78,133.58,0.0937
66000070010,臺中市,南屯區,三厝里,Sancuo Vil.,B,66000,B07,66000070,208,3115,8756,2621,7758,臺中市南屯區三厝里,2328,2742278,1178,824,433,1470,0.128641,1436.39,121.94,0.0658
66000070011,臺中市,南屯區,溝墘里,Gouqi Vil.,B,66000,B07,66000070,284,2440,6762,2003,6083,臺中市南屯區溝墘里,2063,3322069,1610,776,384,1519,0.111623,10335.88,641.86,0.1107
66000070012,臺中市,南屯區,田心里,Tianxin Vil.,B,66000,B07,66000070,217,2796,7687,2223,6761,臺中市南屯區田心里,2172,2538513,1169,738,399,1420,0.136962,1484.55,127.02,0.0891
66000070013,臺中市,南屯區,黎明里,Liming Vil.,B,66000,B07,66000070,131,1829,5006,1787,5380,臺中市南屯區黎明里,1540,1421871,923,643,371,1133,-0.069517,1067.64,115.63,0.0781
66000070014,臺中市,南屯區,鎮平里,Zhenping Vil.,B,66000,B07,66000070,17,537,1628,527,1985,臺中市南屯區鎮平里,459,372009,810,593,360,999,-0.179849,740,91.3,0.05
66000070015,臺中市,南屯區,大同里,Datong Vil.,B,66000,B07,66000070,129,2130,5838,1836,5528,臺中市南屯區大同里,1684,1635789,971,684,358,1250,0.056078,1028.45,105.88,0.0804
66000070016,臺中市,南屯區,文心里,Wenxin Vil.,B,66000,B07,66000070,163,1764,4733,1421,4146,臺中市南屯區文心里,1337,1953040,1461,724,393,1365,0.141582,6479.47,443.57,0.0757
66000070017,臺中市,南屯區,同心里,Tongxin Vil.,B,66000,B07,66000070,250,2465,6343,2146,5922,臺中市南屯區同心里,1848,1871337,1013,665,373,1195,0.071091,1532.12,151.3,0.0912
66000070018,臺中市,南屯區,向心里,Xiangxin Vil.,B,66000,B07,66000070,253,2698,6437,1425,4318,臺中市南屯區向心里,1679,2053474,1223,721,372,1497,0.490736,1496.92,122.39,0.1159
66000070019,臺中市,南屯區,大誠里,Dacheng Vil.,B,66000,B07,66000070,210,1751,4241,1396,3605,臺中市南屯區大誠里,1357,1479277,1090,706,395,1348,0.176422,1166.66,107.02,0.0871
66000070020,臺中市,南屯區,大興里,Daxing Vil.,B,66000,B07,66000070,66,1931,5484,1600,4972,臺中市南屯區大興里,1520,1633795,1075,687,381,1293,0.102977,1947.55,181.19,0.0756
66000070021,臺中市,南屯區,大業里,Daye Vil.,B,66000,B07,66000070,221,2978,8109,2553,7598,臺中市南屯區大業里,2415,2696997,1117,743,380,1431,0.067255,1220.43,109.28,0.069
66000070022,臺中市,南屯區,惠中里,Huizhong Vil.,B,66000,B07,66000070,336,3548,9547,2667,7590,臺中市南屯區惠中里,2754,4558422,1655,846,420,1684,0.257839,7466.94,451.12,0.088
66000070023,臺中市,南屯區,寶山里,Baoshan Vil.,B,66000,B07,66000070,293,2591,6510,1727,4833,臺中市南屯區寶山里,1886,1750738,928,705,412,1157,0.346989,1108.61,119.43,0.1126
66000070024,臺中市,南屯區,三和里,Sanhe Vil.,B,66000,B07,66000070,291,4073,10912,3411,9536,臺中市南屯區三和里,3086,4338156,1406,930,461,1691,0.144295,3123.66,222.21,0.0723
66000070025,臺中市,南屯區,三義里,Sanyi Vil.,B,66000,B07,66000070,248,3141,8386,2775,7997,臺中市南屯區三義里,2314,2911353,1258,877,461,1568,0.048643,1643.82,130.65,0.0764
66000080001,臺中市,北屯區,北興里,Beixing Vil.,B,66000,B08,66000080,60,1429,3706,1359,4038,臺中市北屯區北興里,1069,815281,763,562,317,945,-0.082219,834.78,109.46,0.1383
66000080003,臺中市,北屯區,三光里,Sanguang Vil.,B,66000,B08,66000080,278,3138,8272,2790,8122,臺中市北屯區三光里,2399,1992275,830,611,334,1054,0.018468,831.59,100.14,0.0819
66000080004,臺中市,北屯區,平田里,Pingtian Vil.,B,66000,B08,66000080,302,2583,6780,2289,6484,臺中市北屯區平田里,1793,1507961,841,584,333,1053,0.045651,877.59,104.35,0.1076
66000080005,臺中市,北屯區,平和里,Pinghe Vil.,B,66000,B08,66000080,290,2401,6231,1999,5699,臺中市北屯區平和里,1835,1631151,889,621,350,1132,0.09335,935.74,105.27,0.101
66000080006,臺中市,北屯區,東光里,Dongguang Vil.,B,66000,B08,66000080,231,2010,5291,1877,5447,臺中市北屯區東光里,1466,1164732,794,578,329,991,-0.02864,780.16,98.2,0.1046
66000080007,臺中市,北屯區,舊社里,Jiushe Vil.,B,66000,B08,66000080,30,2583,7126,2716,8683,臺中市北屯區舊社里,1894,1606341,848,604,350,1050,-0.179316,922.4,108.76,0.1039
66000080008,臺中市,北屯區,水景里,Shuijing Vil.,B,66000,B08,66000080,509,5987,17071,3583,11357,臺中市北屯區水景里,4681,4843142,1035,684,372,1249,0.503126,1385.04,133.87,0.0873
66000080009,臺中市,北屯區,軍功里,Jungong Vil.,B,66000,B08,66000080,652,5138,15361,3268,10910,臺中市北屯區軍功里,3956,3757887,950,662,371,1202,0.407974,968.11,101.92,0.1283
66000080010,臺中市,北屯區,和平里,Heping Vil.,B,66000,B08,66000080,746,4931,14061,2366,7952,臺中市北屯區和平里,3333,3177458,953,664,370,1189,0.768234,1146.14,120.22,0.1456
66000080011,臺中市,北屯區,東山里,Dongshan Vil.,B,66000,B08,66000080,26,813,2409,630,2206,臺中市北屯區東山里,605,501103,828,587,327,1019,0.092022,920.96,111.19,0.1172
66000080012,臺中市,北屯區,民政里,Minzheng Vil.,B,66000,B08,66000080,55,371,1181,338,1155,臺中市北屯區民政里,249,265581,1067,550,305,874,0.022511,1929.64,180.92,0.1336
66000080013,臺中市,北屯區,?子里,Buzi  Vil.,B,66000,B08,66000080,1229,6493,15474,671,2282,臺中市北屯區?子里,3583,3792440,1058,767,411,1300,5.780894,1532.49,144.79,0.1721
66000080034,臺中市,北屯區,北京里,Beijing Vil.,B,66000,B08,66000080,199,1386,3691,1289,3896,臺中市北屯區北京里,1024,903512,882,581,322,998,-0.052618,1645.99,186.55,0.127
66000080035,臺中市,北屯區,平心里,Pingxin Vil.,B,66000,B08,66000080,267,2291,5706,1813,4809,臺中市北屯區平心里,1652,1392836,843,600,348,1074,0.186525,889.25,105.47,0.0958
66000080036,臺中市,北屯區,平福里,Pingfu Vil.,B,66000,B08,66000080,126,1638,4462,1424,4041,臺中市北屯區平福里,1384,1487461,1075,711,384,1318,0.104182,1364.97,127,0.0686
66000080037,臺中市,北屯區,松和里,Songhe Vil.,B,66000,B08,66000080,181,2704,7646,2493,7705,臺中市北屯區松和里,2022,1620074,801,583,346,1000,-0.007657,778.71,97.19,0.0682
66000080038,臺中市,北屯區,平陽里,Pingyang Vil.,B,66000,B08,66000080,167,2149,5909,1913,5570,臺中市北屯區平陽里,1685,1547926,919,606,332,1081,0.060862,1264.7,137.67,0.0749
66000080039,臺中市,北屯區,平興里,Pingxing Vil.,B,66000,B08,66000080,308,3118,8050,2507,6834,臺中市北屯區平興里,2135,1841321,862,620,356,1074,0.177934,922.24,106.93,0.0931
66000080040,臺中市,北屯區,平昌里,Pingchang Vil.,B,66000,B08,66000080,366,2038,5183,1793,5083,臺中市北屯區平昌里,1483,1314369,886,604,339,1078,0.019673,978.69,110.43,0.1339
66000080041,臺中市,北屯區,三和里,Sanhe Vil.,B,66000,B08,66000080,291,2489,6697,2304,6830,臺中市北屯區三和里,1838,1414608,770,561,334,960,-0.019473,744.07,96.68,0.0801
66000080042,臺中市,北屯區,忠平里,Zhongping Vil.,B,66000,B08,66000080,119,1633,4621,1563,4669,臺中市北屯區忠平里,1313,1130333,861,610,344,1019,-0.010281,1370.45,159.19,0.0716
66000090001,臺中市,豐原區,豐原里,Fengyuan Vil.,B,66000,B09,66000090,172,1022,2673,897,2706,臺中市豐原區豐原里,735,635827,865,569,320,998,-0.012195,1275.55,147.45,0.1397
66000090002,臺中市,豐原區,頂街里,Dingjie Vil.,B,66000,B09,66000090,235,463,1036,412,1087,臺中市豐原區頂街里,341,276100,810,529,317,988,-0.046918,892.23,110.2,0.1315
66000090003,臺中市,豐原區,中山里,Zhongshan Vil.,B,66000,B09,66000090,74,365,993,374,1156,臺中市豐原區中山里,325,443809,1366,609,310,1044,-0.141003,4325.07,316.72,0.0857
66000090004,臺中市,豐原區,豐榮里,Fengrong Vil.,B,66000,B09,66000090,74,543,1321,472,1293,臺中市豐原區豐榮里,392,459284,1172,613,311,1090,0.021655,4115.59,351.27,0.1092
66000090005,臺中市,豐原區,下街里,Xiajie Vil.,B,66000,B09,66000090,31,324,863,314,934,臺中市豐原區下街里,235,207523,883,524,301,1145,-0.076017,1009.03,114.26,0.0985
66000090006,臺中市,豐原區,富春里,Fuchun Vil.,B,66000,B09,66000090,23,275,831,298,1049,臺中市豐原區富春里,264,220681,836,504,281,939,-0.207817,1167.46,139.66,0.0816
66000090007,臺中市,豐原區,葫蘆里,Hulu Vil.,B,66000,B09,66000090,11,270,753,308,1037,臺中市豐原區葫蘆里,243,181130,745,521,295,960,-0.273867,750.02,100.62,0.0435
66000090008,臺中市,豐原區,豐西里,Fengxi Vil.,B,66000,B09,66000090,97,687,1826,697,2070,臺中市豐原區豐西里,534,549094,1028,593,337,1066,-0.117874,3463.7,336.85,0.1223
66000090009,臺中市,豐原區,西安里,Xi'an Vil.,B,66000,B09,66000090,39,2006,6071,1992,7002,臺中市豐原區西安里,1748,1401864,802,581,340,1002,-0.132962,802.53,100.07,0.0848
66000090010,臺中市,豐原區,西勢里,Xishi Vil.,B,66000,B09,66000090,44,922,2711,1080,3174,臺中市豐原區西勢里,737,648282,880,610,337,1042,-0.145873,941.12,106.99,0.0646
66000090011,臺中市,豐原區,東勢里,Dongshi Vil.,B,66000,B09,66000090,89,619,1791,561,1909,臺中市豐原區東勢里,476,397694,835,572,347,1061,-0.061812,851.35,101.9,0.132
66000090012,臺中市,豐原區,民生里,Minsheng Vil.,B,66000,B09,66000090,58,525,1415,424,1404,臺中市豐原區民生里,338,267763,792,585,322,961,0.007835,858.52,108.37,0.1172
66000090013,臺中市,豐原區,大湳里,Danan Vil.,B,66000,B09,66000090,114,1041,2930,969,3048,臺中市豐原區大湳里,887,906082,1022,582,329,998,-0.038714,4405.13,431.24,0.1039
66000090014,臺中市,豐原區,北湳里,Beinan Vil.,B,66000,B09,66000090,85,1157,3381,1065,3302,臺中市豐原區北湳里,994,778589,783,554,331,983,0.023925,720.15,91.94,0.0722
66000180009,臺中市,大雅區,上楓里,Shangfeng Vil.,B,66000,B18,66000180,164,2245,7523,1821,6682,臺中市大雅區上楓里,2014,1474607,732,549,338,902,0.125861,679.74,92.84,0.0741
66000240006,臺中市,大肚區,新興里,Xinxing Vil.,B,66000,B24,66000240,284,973,3051,878,3210,臺中市大肚區新興里,826,540999,655,513,338,813,-0.049533,569.09,86.89,0.128
66000240001,臺中市,大肚區,王田里,Wangtian Vil.,B,66000,B24,66000240,133,1489,5135,1316,5383,臺中市大肚區王田里,1344,943938,702,533,333,851,-0.046071,716.79,102.06,0.0903
66000070005,臺中市,南屯區,春社里,Chunshe Vil.,B,66000,B07,66000070,332,3242,7573,2462,6528,臺中市南屯區春社里,1868,1553911,832,636,378,1062,0.16008,778.67,93.61,0.1151
66000090015,臺中市,豐原區,東湳里,Dongnan Vil.,B,66000,B09,66000090,102,1392,4864,1300,5174,臺中市豐原區東湳里,1226,874549,713,528,313,873,-0.059915,753.45,105.62,0.0811
66000090016,臺中市,豐原區,西湳里,Xinan Vil.,B,66000,B09,66000090,211,3257,11146,2749,10114,臺中市豐原區西湳里,2833,2227258,786,559,343,933,0.102037,908.14,115.51,0.0682
66000090017,臺中市,豐原區,圳寮里,Zunliao Vil.,B,66000,B09,66000090,48,507,1448,423,1505,臺中市豐原區圳寮里,397,305538,770,570,351,981,-0.037874,652.45,84.78,0.1019
66000090018,臺中市,豐原區,豐圳里,Fengzun Vil.,B,66000,B09,66000090,118,1362,3882,1106,3722,臺中市豐原區豐圳里,1087,828162,762,562,337,927,0.042988,772.01,101.33,0.0877
66000090019,臺中市,豐原區,社皮里,Shepi Vil.,B,66000,B09,66000090,341,4123,11942,3619,11731,臺中市豐原區社皮里,3175,2384503,751,565,333,936,0.017987,710.26,94.57,0.085
66000090020,臺中市,豐原區,三村里,Sancun Vil.,B,66000,B09,66000090,145,2339,7572,2116,7546,臺中市豐原區三村里,2123,1798113,847,599,358,1027,0.003446,1061.57,125.34,0.0656
66000090021,臺中市,豐原區,中興里,Zhongxing Vil.,B,66000,B09,66000090,59,1239,3472,1145,3702,臺中市豐原區中興里,932,726022,779,561,329,959,-0.062129,794.53,101.99,0.1126
66000090022,臺中市,豐原區,田心里,Tianxin Vil.,B,66000,B09,66000090,217,2898,7421,2083,6858,臺中市豐原區田心里,1956,1567183,801,572,328,1002,0.082094,878.19,109.61,0.0916
66000090023,臺中市,豐原區,豐田里,Fengtian Vil.,B,66000,B09,66000090,240,3838,12293,3413,12519,臺中市豐原區豐田里,3234,2371050,733,552,330,934,-0.018053,655.49,89.41,0.0687
66000090024,臺中市,豐原區,鎌村里,Lian Vil.,B,66000,B09,66000090,109,1689,5559,1376,5139,臺中市豐原區鎌村里,1419,1016905,717,564,334,893,0.081728,610.39,85.17,0.0681
66000090025,臺中市,豐原區,南陽里,Nanyang Vil.,B,66000,B09,66000090,56,4478,13816,3674,12257,臺中市豐原區南陽里,3556,3063115,861,607,341,1066,0.127193,965.49,112.08,0.0892
66000090026,臺中市,豐原區,陽明里,Yangming Vil.,B,66000,B09,66000090,86,1110,3468,1084,3619,臺中市豐原區陽明里,917,769039,839,566,349,1003,-0.041724,852.15,101.61,0.0813
66000090027,臺中市,豐原區,北陽里,Beiyang Vil.,B,66000,B09,66000090,270,5109,16116,4279,15296,臺中市豐原區北陽里,4464,3733378,836,597,345,1018,0.053609,1021.93,122.19,0.0599
66000090028,臺中市,豐原區,中陽里,Zhongyang Vil.,B,66000,B09,66000090,163,2091,6787,1956,7039,臺中市豐原區中陽里,1700,1355140,797,579,334,1029,-0.035801,759.93,95.33,0.0938
66000090029,臺中市,豐原區,東陽里,Dongyang Vil.,B,66000,B09,66000090,35,532,1855,520,2089,臺中市豐原區東陽里,471,338604,719,532,339,812,-0.112015,898.67,125.01,0.0686
66000090030,臺中市,豐原區,南村里,Nan Vil.,B,66000,B09,66000090,225,2195,6480,1807,5919,臺中市豐原區南村里,1792,1580452,882,552,327,1009,0.09478,3066.16,347.66,0.1031
66000090031,臺中市,豐原區,南田里,Nantian Vil.,B,66000,B09,66000090,70,1183,3776,1102,3870,臺中市豐原區南田里,1047,715548,683,523,311,845,-0.024289,620.26,90.76,0.0658
66000090032,臺中市,豐原區,南嵩里,Nansong Vil.,B,66000,B09,66000090,93,1192,3912,1035,3789,臺中市豐原區南嵩里,1044,841748,806,556,340,872,0.032462,2190.18,271.64,0.0791
66000090033,臺中市,豐原區,翁明里,Wengming Vil.,B,66000,B09,66000090,68,906,2567,702,2355,臺中市豐原區翁明里,755,726925,963,573,323,951,0.090021,3353.83,348.34,0.0797
66000090034,臺中市,豐原區,翁子里,Wengzi Vil.,B,66000,B09,66000090,92,1132,3596,920,3317,臺中市豐原區翁子里,943,684310,726,536,328,866,0.084112,813.32,112.08,0.0884
66000090035,臺中市,豐原區,翁社里,Wengshe Vil.,B,66000,B09,66000090,43,750,2406,668,2508,臺中市豐原區翁社里,656,469481,716,527,304,850,-0.04067,883.95,123.51,0.0605
66000090036,臺中市,豐原區,朴子里,Puzi Vil.,B,66000,B09,66000090,81,1157,3902,1093,3999,臺中市豐原區朴子里,982,710871,724,510,303,835,-0.024256,1005.21,138.86,0.0777
66000100001,臺中市,東勢區,北興里,Beixing Vil.,B,66000,B10,66000100,60,605,1583,595,1617,臺中市東勢區北興里,404,289390,716,526,304,940,-0.021027,657.84,91.84,0.1185
66000100002,臺中市,東勢區,中寧里,Zhongning Vil.,B,66000,B10,66000100,32,399,1003,356,1000,臺中市東勢區中寧里,256,157592,616,467,276,800,0.003,531.71,86.37,0.0929
66000100003,臺中市,東勢區,東安里,Dong'an Vil.,B,66000,B10,66000100,47,458,1208,487,1553,臺中市東勢區東安里,309,224883,728,530,271,915,-0.222151,701.64,96.41,0.1135
66000100004,臺中市,東勢區,南平里,Nanping Vil.,B,66000,B10,66000100,86,749,2158,760,2488,臺中市東勢區南平里,529,395007,747,578,333,915,-0.132637,669.12,89.61,0.1299
66000100005,臺中市,東勢區,延平里,Yanping Vil.,B,66000,B10,66000100,89,935,2565,917,2929,臺中市東勢區延平里,627,464931,742,541,300,947,-0.124274,782.21,105.49,0.1051
66000100006,臺中市,東勢區,上新里,Shangxin Vil.,B,66000,B10,66000100,33,394,1136,385,1229,臺中市東勢區上新里,280,180787,646,525,285,809,-0.075671,538.32,83.37,0.1099
66000100007,臺中市,東勢區,廣興里,Guangxing Vil.,B,66000,B10,66000100,55,609,1705,595,2019,臺中市東勢區廣興里,407,328691,808,568,342,1024,-0.155523,749.09,92.76,0.1059
66000100008,臺中市,東勢區,泰昌里,Taichang Vil.,B,66000,B10,66000100,121,1454,4136,1387,4513,臺中市東勢區泰昌里,1020,792670,777,575,352,939,-0.083536,721.01,92.78,0.09
66000100009,臺中市,東勢區,中嵙里,Zhongke Vil.,B,66000,B10,66000100,72,755,2140,717,2366,臺中市東勢區中嵙里,382,263699,690,498,318,927,-0.09552,596.58,86.42,0.1111
66000100010,臺中市,東勢區,福隆里,Fulong Vil.,B,66000,B10,66000100,81,1491,4367,1279,4316,臺中市東勢區福隆里,930,638375,686,540,317,853,0.011816,572.1,83.35,0.1175
66000100011,臺中市,東勢區,隆興里,Longxing Vil.,B,66000,B10,66000100,76,580,1657,554,1799,臺中市東勢區隆興里,296,191568,647,497,319,775,-0.078933,543.69,84.01,0.1516
66000100012,臺中市,東勢區,新盛里,Xincheng Vil.,B,66000,B10,66000100,156,1912,5761,1810,6234,臺中市東勢區新盛里,1353,921045,681,550,318,873,-0.075874,569.55,83.67,0.0947
66000100013,臺中市,東勢區,詒福里,Yifu Vil.,B,66000,B10,66000100,40,623,1891,592,1974,臺中市東勢區詒福里,355,255597,720,527,297,853,-0.042047,749.31,104.07,0.0818
66000100014,臺中市,東勢區,上城里,Shangcheng Vil.,B,66000,B10,66000100,34,391,1103,358,1194,臺中市東勢區上城里,238,185080,778,578,347,965,-0.076214,699.29,89.92,0.1093
66000100015,臺中市,東勢區,下城里,Xiacheng Vil.,B,66000,B10,66000100,38,358,948,343,1044,臺中市東勢區下城里,187,132463,708,564,308,893,-0.091954,685.6,96.79,0.1422
66000100016,臺中市,東勢區,慶東里,Qingdong Vil.,B,66000,B10,66000100,37,700,2078,679,2379,臺中市東勢區慶東里,384,247930,646,493,293,826,-0.126524,606.83,93.99,0.0709
66000100017,臺中市,東勢區,慶福里,Qingfu Vil.,B,66000,B10,66000100,61,505,1443,513,1666,臺中市東勢區慶福里,218,143761,659,529,307,751,-0.133854,903.52,137.01,0.1786
66000100018,臺中市,東勢區,東新里,Dongxin Vil.,B,66000,B10,66000100,80,839,2223,784,2278,臺中市東勢區東新里,552,391010,708,526,314,897,-0.024144,609.64,86.06,0.1078
66000100019,臺中市,東勢區,粵寧里,Yuening Vil.,B,66000,B10,66000100,82,834,2337,788,2388,臺中市東勢區粵寧里,582,404961,696,527,325,940,-0.021357,546.5,78.54,0.1138
66000100020,臺中市,東勢區,下新里,Xiaxin Vil.,B,66000,B10,66000100,50,649,1860,620,2052,臺中市東勢區下新里,447,297853,666,499,297,860,-0.093567,572.45,85.91,0.1107
66000100021,臺中市,東勢區,興隆里,Xinglong Vil.,B,66000,B10,66000100,127,448,1338,477,1497,臺中市東勢區興隆里,281,171681,611,512,327,737,-0.106212,426.08,69.74,0.1393
66000100022,臺中市,東勢區,茂興里,Maoxing Vil.,B,66000,B10,66000100,97,722,2073,661,2235,臺中市東勢區茂興里,419,242358,578,499,282,738,-0.072483,455.39,78.73,0.1508
66000100023,臺中市,東勢區,泰興里,Taixing Vil.,B,66000,B10,66000100,31,262,787,241,857,臺中市東勢區泰興里,149,99860,670,549,364,828,-0.08168,498.64,74.4,0.1379
66000100024,臺中市,東勢區,埤頭里,Bitou Vil.,B,66000,B10,66000100,19,253,712,259,798,臺中市東勢區埤頭里,145,94533,652,513,308,812,-0.107769,603.91,92.63,0.1098
66000100025,臺中市,東勢區,明正里,Mingzheng Vil.,B,66000,B10,66000100,69,497,1561,506,1776,臺中市東勢區明正里,220,136058,618,489,311,818,-0.121059,472.36,76.38,0.1752
66000110001,臺中市,大甲區,朝陽里,Zhaoyang Vil.,B,66000,B11,66000110,48,573,1745,579,1961,臺中市大甲區朝陽里,470,384448,818,575,343,973,-0.110148,877.2,107.24,0.0862
66000110002,臺中市,大甲區,大甲里,Dajia Vil.,B,66000,B11,66000110,46,454,1255,483,1610,臺中市大甲區大甲里,379,358765,947,553,309,1073,-0.220497,1880.26,198.63,0.0949
66000110003,臺中市,大甲區,順天里,Shuntian Vil.,B,66000,B11,66000110,52,646,1838,613,2031,臺中市大甲區順天里,492,396070,805,524,304,969,-0.095027,940.59,116.84,0.0787
66000110004,臺中市,大甲區,孔門里,Kongmen Vil.,B,66000,B11,66000110,31,383,1001,291,1119,臺中市大甲區孔門里,233,477910,2051,570,352,1082,-0.105451,10473.19,510.61,0.1256
66000110005,臺中市,大甲區,平安里,Ping'an Vil.,B,66000,B11,66000110,39,785,2642,768,3030,臺中市大甲區平安里,686,555674,810,571,354,1004,-0.128053,801.9,99,0.0761
66000110006,臺中市,大甲區,庄美里,Zhuangmei Vil.,B,66000,B11,66000110,46,769,2512,729,2776,臺中市大甲區庄美里,729,665345,913,548,329,993,-0.095101,1472.63,161.35,0.0572
66000110007,臺中市,大甲區,新美里,Xinmei Vil.,B,66000,B11,66000110,97,1320,4191,1245,4376,臺中市大甲區新美里,1055,809825,768,546,343,917,-0.042276,754.67,98.31,0.0758
66000110008,臺中市,大甲區,岷山里,Minshan Vil.,B,66000,B11,66000110,62,792,2566,745,2686,臺中市大甲區岷山里,676,548627,812,559,336,961,-0.044676,1042.38,128.44,0.0906
66000110009,臺中市,大甲區,中山里,Zhongshan Vil.,B,66000,B11,66000110,74,1781,5252,1494,4860,臺中市大甲區中山里,1326,1021697,771,567,340,956,0.080658,877.1,113.83,0.0879
66000110010,臺中市,大甲區,南陽里,Nanyang Vil.,B,66000,B11,66000110,56,348,962,337,1063,臺中市大甲區南陽里,227,169419,746,489,314,884,-0.095014,762.89,102.22,0.1453
66000110011,臺中市,大甲區,薰風里,Xuenfeng Vil.,B,66000,B11,66000110,39,370,1015,386,1168,臺中市大甲區薰風里,266,256737,965,556,322,1093,-0.130993,1476.39,152.97,0.0967
66000110012,臺中市,大甲區,義和里,Yihe Vil.,B,66000,B11,66000110,71,1126,3869,958,3777,臺中市大甲區義和里,978,773035,790,585,355,956,0.024358,806.36,102.02,0.0682
66000110013,臺中市,大甲區,武陵里,Wuling Vil.,B,66000,B11,66000110,23,381,1385,346,1514,臺中市大甲區武陵里,346,252790,731,568,358,875,-0.085205,646.04,88.43,0.0703
66000110014,臺中市,大甲區,文曲里,Wenqu Vil.,B,66000,B11,66000110,17,355,1264,342,1400,臺中市大甲區文曲里,293,189291,646,504,347,810,-0.097143,595.73,92.21,0.0574
66000110015,臺中市,大甲區,武曲里,Wuqu Vil.,B,66000,B11,66000110,32,536,2131,517,2280,臺中市大甲區武曲里,584,716564,1227,558,328,879,-0.065351,4143.09,337.66,0.0636
66000110016,臺中市,大甲區,文武里,Wenwu Vil.,B,66000,B11,66000110,156,2071,6687,1829,6785,臺中市大甲區文武里,1796,1496782,833,597,344,1020,-0.014444,895.49,107.45,0.0785
66000110017,臺中市,大甲區,奉化里,Fenghua Vil.,B,66000,B11,66000110,76,807,2488,722,2398,臺中市大甲區奉化里,658,572436,870,594,364,1136,0.037531,813.12,93.47,0.092
66000110018,臺中市,大甲區,德化里,Dehua Vil.,B,66000,B11,66000110,60,596,2094,543,2151,臺中市大甲區德化里,559,385482,690,548,317,892,-0.026499,566.51,82.15,0.106
66000110019,臺中市,大甲區,江南里,Jiangnan Vil.,B,66000,B11,66000110,43,461,1618,400,1618,臺中市大甲區江南里,424,323301,763,540,337,914,0,831.26,109.02,0.1031
66000110020,臺中市,大甲區,頂店里,Dingdian Vil.,B,66000,B11,66000110,150,1684,5568,1373,5282,臺中市大甲區頂店里,1462,1196675,819,590,348,974,0.054146,1123.87,137.31,0.0943
66000110021,臺中市,大甲區,太白里,Taibai Vil.,B,66000,B11,66000110,29,406,1471,386,1618,臺中市大甲區太白里,364,241170,663,501,324,822,-0.090853,581.57,87.78,0.0916
66000110022,臺中市,大甲區,孟春里,Mengchun Vil.,B,66000,B11,66000110,111,1490,4980,1262,4766,臺中市大甲區孟春里,1234,865254,701,532,346,886,0.044901,579.2,82.6,0.0785
66000110023,臺中市,大甲區,幸福里,Xingfu Vil.,B,66000,B11,66000110,57,937,3085,886,3327,臺中市大甲區幸福里,728,512223,704,510,330,832,-0.072738,725.18,103.07,0.0826
66000110024,臺中市,大甲區,日南里,Rinan Vil.,B,66000,B11,66000110,179,2039,6739,1713,6344,臺中市大甲區日南里,1885,1313740,697,537,349,844,0.062264,785.1,112.65,0.0881
66000110025,臺中市,大甲區,龍泉里,Longquan Vil.,B,66000,B11,66000110,324,511,1778,480,1915,臺中市大甲區龍泉里,438,274791,627,474,329,793,-0.07154,520.65,82.99,0.1016
66000110026,臺中市,大甲區,西岐里,Xiqi Vil.,B,66000,B11,66000110,40,559,1977,487,2055,臺中市大甲區西岐里,499,371352,744,521,343,846,-0.037956,1203.92,161.77,0.084
66000110027,臺中市,大甲區,銅安里,Tong'an Vil.,B,66000,B11,66000110,33,470,1674,425,1658,臺中市大甲區銅安里,407,268823,660,517,331,835,0.00965,540.36,81.81,0.0895
66000110028,臺中市,大甲區,福德里,Fude Vil.,B,66000,B11,66000110,167,382,1310,354,1442,臺中市大甲區福德里,296,190298,643,490,327,751,-0.09154,536.86,83.51,0.1198
66000120028,臺中市,清水區,下湳里,Xianan Vil.,B,66000,B12,66000120,86,975,3327,967,3763,臺中市清水區下湳里,920,646764,703,514,320,837,-0.115865,655.13,93.19,0.1048
66000120029,臺中市,清水區,東山里,Dongshan Vil.,B,66000,B12,66000120,26,442,1400,427,1535,臺中市清水區東山里,329,200958,611,487,327,745,-0.087948,498.26,81.57,0.0819
66000120030,臺中市,清水區,楊厝里,Yangcuo Vil.,B,66000,B12,66000120,26,425,1362,374,1419,臺中市清水區楊厝里,288,164813,572,481,288,692,-0.040169,441.74,77.19,0.0913
66000120031,臺中市,清水區,海風里,Haifeng Vil.,B,66000,B12,66000120,31,540,1630,451,1609,臺中市清水區海風里,394,257916,655,511,329,773,0.013052,581.79,88.88,0.0798
66000120032,臺中市,清水區,吳厝里,Wucuo Vil.,B,66000,B12,66000120,68,575,1763,529,1788,臺中市清水區吳厝里,384,229607,598,507,336,722,-0.013982,390.19,65.26,0.1319
66000130001,臺中市,沙鹿區,居仁里,Juren Vil.,B,66000,B13,66000130,67,564,1671,483,1822,臺中市沙鹿區居仁里,449,506142,1127,592,366,1104,-0.082876,2815.42,249.76,0.1178
66000130002,臺中市,沙鹿區,洛泉里,Luoquan Vil.,B,66000,B13,66000130,53,769,2600,785,2916,臺中市沙鹿區洛泉里,668,648177,970,582,345,1074,-0.108368,1429.84,147.36,0.0697
66000130003,臺中市,沙鹿區,沙鹿里,Shalu Vil.,B,66000,B13,66000130,28,355,1221,371,1460,臺中市沙鹿區沙鹿里,355,503028,1417,680,363,1472,-0.163699,2433.08,171.71,0.0762
66000130004,臺中市,沙鹿區,美仁里,Meiren Vil.,B,66000,B13,66000130,18,198,638,193,771,臺中市沙鹿區美仁里,134,239651,1788,574,297,1065,-0.172503,9575.84,535.43,0.1296
66000130005,臺中市,沙鹿區,興仁里,Xingren Vil.,B,66000,B13,66000130,78,982,3202,856,3177,臺中市沙鹿區興仁里,806,606233,752,534,332,876,0.007869,770.52,102.44,0.0796
66000130006,臺中市,沙鹿區,斗抵里,Doudi Vil.,B,66000,B13,66000130,110,1634,5376,1396,5405,臺中市沙鹿區斗抵里,1409,1162722,825,605,357,1044,-0.005365,887.63,107.56,0.0698
66000130007,臺中市,沙鹿區,鹿峰里,Lufeng Vil.,B,66000,B13,66000130,269,2014,6391,1565,5587,臺中市沙鹿區鹿峰里,1614,1373885,851,615,367,1034,0.143905,880.51,103.44,0.1236
66000130008,臺中市,沙鹿區,鹿寮里,Luliao Vil.,B,66000,B13,66000130,336,2602,8638,2027,7509,臺中市沙鹿區鹿寮里,2154,1788555,830,597,348,1020,0.150353,851.58,102.56,0.1119
66000130009,臺中市,沙鹿區,竹林里,Zhulin Vil.,B,66000,B13,66000130,301,2839,9438,2402,8855,臺中市沙鹿區竹林里,2415,2024374,838,608,364,1048,0.065839,802.68,95.76,0.0908
66000130010,臺中市,沙鹿區,犁分里,Lifen Vil.,B,66000,B13,66000130,60,428,1412,310,1160,臺中市沙鹿區犁分里,338,238004,704,591,322,882,0.217241,574.53,81.59,0.1603
66000130011,臺中市,沙鹿區,北勢里,Beishi Vil.,B,66000,B13,66000130,43,2021,6244,1454,5310,臺中市沙鹿區北勢里,1465,1291937,882,615,369,1095,0.175895,927.22,105.14,0.0729
66000130012,臺中市,沙鹿區,福興里,Fuxing Vil.,B,66000,B13,66000130,21,1462,4584,1043,3700,臺中市沙鹿區福興里,1135,961755,847,635,377,1049,0.238919,908.88,107.26,0.1007
66000130013,臺中市,沙鹿區,晉江里,Jinjiang Vil.,B,66000,B13,66000130,87,684,2016,507,1795,臺中市沙鹿區晉江里,507,434594,857,575,356,1024,0.12312,1013.56,118.24,0.0863
66000130014,臺中市,沙鹿區,六路里,Liulu Vil.,B,66000,B13,66000130,258,2215,6519,1420,4578,臺中市沙鹿區六路里,1703,1558108,915,659,376,1160,0.423984,880.38,96.22,0.1027
66000130015,臺中市,沙鹿區,南勢里,Nanshi Vil.,B,66000,B13,66000130,82,1336,4244,821,2998,臺中市沙鹿區南勢里,1070,962286,899,667,381,1081,0.41561,1495.07,166.24,0.0776
66000130016,臺中市,沙鹿區,埔子里,Puzi Vil.,B,66000,B13,66000130,256,2405,6948,1214,3988,臺中市沙鹿區埔子里,1871,1868607,999,739,412,1299,0.742227,924.73,92.59,0.0993
66000130017,臺中市,沙鹿區,公明里,Gongming Vil.,B,66000,B13,66000130,174,1799,5273,1372,4793,臺中市沙鹿區公明里,1297,992079,765,612,373,977,0.100146,608.91,79.61,0.1002
66000130018,臺中市,沙鹿區,清泉里,Qingquan Vil.,B,66000,B13,66000130,78,923,2768,797,2636,臺中市沙鹿區清泉里,761,598748,787,653,384,1020,0.050076,660.57,83.96,0.0983
66000130019,臺中市,沙鹿區,西勢里,Xishi Vil.,B,66000,B13,66000130,44,865,2465,764,2669,臺中市沙鹿區西勢里,557,325746,585,500,302,764,-0.076433,421.22,72.02,0.0681
66000130020,臺中市,沙鹿區,興安里,Xing'an Vil.,B,66000,B13,66000130,113,1335,4207,1057,3907,臺中市沙鹿區興安里,1173,1062800,906,610,357,1038,0.076785,1295.06,142.93,0.0865
66000130021,臺中市,沙鹿區,三鹿里,Sanlu Vil.,B,66000,B13,66000130,411,3259,8900,1439,4517,臺中市沙鹿區三鹿里,2436,2105539,864,685,416,1116,0.970334,746.07,86.32,0.1108
66000140002,臺中市,梧棲區,下寮里,Xialiao Vil.,B,66000,B14,66000140,89,787,2353,778,2533,臺中市梧棲區下寮里,611,441025,722,580,363,925,-0.071062,594.16,82.32,0.113
66000140003,臺中市,梧棲區,中正里,Zhongzheng Vil.,B,66000,B14,66000140,75,1600,4677,1405,4687,臺中市梧棲區中正里,1298,1018074,784,586,364,978,-0.002134,741.18,94.5,0.097
66000140004,臺中市,梧棲區,中和里,Zhonghe Vil.,B,66000,B14,66000140,28,212,609,230,706,臺中市梧棲區中和里,162,143189,884,623,363,1075,-0.137394,890.42,100.74,0.152
66000140005,臺中市,梧棲區,文化里,Wenhua Vil.,B,66000,B14,66000140,53,485,1380,458,1500,臺中市梧棲區文化里,389,313453,806,597,338,1005,-0.08,779.54,96.74,0.1029
66000140006,臺中市,梧棲區,安仁里,Anren Vil.,B,66000,B14,66000140,57,330,971,318,1008,臺中市梧棲區安仁里,234,163426,698,544,346,889,-0.036706,594.02,85.05,0.1635
66000140007,臺中市,梧棲區,草湳里,Caonan Vil.,B,66000,B14,66000140,214,2418,7507,2218,7413,臺中市梧棲區草湳里,2022,1477736,731,575,354,895,0.01268,645.14,88.27,0.1013
66000140009,臺中市,梧棲區,福德里,Fude Vil.,B,66000,B14,66000140,167,1840,5833,1343,4751,臺中市梧棲區福德里,1442,1137813,789,610,361,1035,0.227742,644.91,81.73,0.0974
66000140010,臺中市,梧棲區,大庄里,Dazhuang Vil.,B,66000,B14,66000140,245,2819,9392,2259,8246,臺中市梧棲區大庄里,2479,1945683,785,599,362,987,0.138976,801.83,102.16,0.0877
66000140011,臺中市,梧棲區,大村里,Da Vil.,B,66000,B14,66000140,154,2109,7234,1841,6827,臺中市梧棲區大村里,1917,1519426,793,589,357,987,0.059616,780.58,98.48,0.0737
66000140012,臺中市,梧棲區,興農里,Xingnong Vil.,B,66000,B14,66000140,63,812,2771,724,2743,臺中市梧棲區興農里,758,578044,763,580,354,934,0.010208,653.94,85.75,0.0898
66000140013,臺中市,梧棲區,永寧里,Yongning Vil.,B,66000,B14,66000140,56,730,2718,704,2999,臺中市梧棲區永寧里,737,535179,726,551,345,860,-0.093698,714.8,98.44,0.0905
66000140014,臺中市,梧棲區,永安里,Yong'an Vil.,B,66000,B14,66000140,44,801,2959,761,3352,臺中市梧棲區永安里,806,654045,811,536,330,894,-0.117243,2531.81,312,0.0714
66000150001,臺中市,后里區,廣福里,Guangfu Vil.,B,66000,B15,66000150,117,899,2452,813,2519,臺中市后里區廣福里,427,280164,656,536,363,800,-0.026598,501.74,76.47,0.162
66000150002,臺中市,后里區,仁里里,Ren Vil.,B,66000,B15,66000150,32,380,1287,374,1414,臺中市后里區仁里里,217,145666,671,538,334,914,-0.089816,580.5,86.48,0.1233
66000150003,臺中市,后里區,義里里,Yi Vil.,B,66000,B15,66000150,121,1249,3776,1123,3789,臺中市后里區義里里,924,699691,757,582,336,927,-0.003431,703.55,92.91,0.1
66000150004,臺中市,后里區,后里里,Hou Vil.,B,66000,B15,66000150,134,1358,4446,1145,4436,臺中市后里區后里里,1105,842617,763,597,345,935,0.002254,746.28,97.87,0.094
66000150005,臺中市,后里區,厚里里,Hou Vil.,B,66000,B15,66000150,48,774,2533,700,2689,臺中市后里區厚里里,639,453889,710,535,336,855,-0.058014,705.08,99.26,0.0665
66000150006,臺中市,后里區,墩東里,Dundong Vil.,B,66000,B15,66000150,135,1800,5945,1518,5851,臺中市后里區墩東里,1387,1082630,781,581,357,989,0.016066,722.07,92.51,0.0766
66000150007,臺中市,后里區,墩西里,Dunxi Vil.,B,66000,B15,66000150,62,805,2342,662,2323,臺中市后里區墩西里,548,407771,744,576,328,981,0.008179,620.75,83.42,0.0933
66000150008,臺中市,后里區,墩南里,Dunnan Vil.,B,66000,B15,66000150,83,1212,4081,928,3680,臺中市后里區墩南里,1001,751764,751,575,351,938,0.108967,752.57,100.21,0.0738
66000150009,臺中市,后里區,墩北里,Dunbei Vil.,B,66000,B15,66000150,118,1278,4281,1128,4173,臺中市后里區墩北里,1101,855821,777,575,334,928,0.025881,1319.38,169.74,0.0901
66000150010,臺中市,后里區,中和里,Zhonghe Vil.,B,66000,B15,66000150,28,862,2977,769,3002,臺中市后里區中和里,766,538026,702,530,333,916,-0.008328,598.98,85.28,0.0931
66000040011,臺中市,西區,民龍里,Minlong Vil.,B,66000,B04,66000040,375,1667,3923,1407,3605,臺中市西區民龍里,1109,1204825,1086,667,346,1301,0.088211,1363.82,125.54,0.1392
66000150011,臺中市,后里區,舊社里,Jiushe Vil.,B,66000,B15,66000150,30,756,2699,549,2153,臺中市后里區舊社里,559,377642,676,528,316,899,0.2536,543.74,80.49,0.0691
66000150012,臺中市,后里區,聯合里,Lianhe Vil.,B,66000,B15,66000150,35,524,1846,507,2084,臺中市后里區聯合里,393,277114,705,549,349,826,-0.114203,699.56,99.21,0.0827
66000150013,臺中市,后里區,太平里,Taiping Vil.,B,66000,B15,66000150,147,709,2557,667,2774,臺中市后里區太平里,562,390593,695,578,350,899,-0.078226,491.62,70.74,0.0644
66000150014,臺中市,后里區,眉山里,Meishan Vil.,B,66000,B15,66000150,77,1117,3801,1055,3890,臺中市后里區眉山里,910,686167,754,569,340,957,-0.022879,628.78,83.39,0.0696
66000170001,臺中市,潭子區,潭陽里,Tanyang Vil.,B,66000,B17,66000170,258,4503,13401,4161,13111,臺中市潭子區潭陽里,3500,2565167,733,555,346,918,0.022119,689.64,94.1,0.0589
66000170002,臺中市,潭子區,潭秀里,Tanxiu Vil.,B,66000,B17,66000170,50,488,1541,519,1791,臺中市潭子區潭秀里,453,427742,944,586,340,1064,-0.139587,1754.63,185.82,0.0932
66000170003,臺中市,潭子區,潭北里,Tanbei Vil.,B,66000,B17,66000170,95,936,2784,877,2812,臺中市潭子區潭北里,743,593142,798,536,331,958,-0.009957,1001.19,125.41,0.1
66000170004,臺中市,潭子區,福仁里,Furen Vil.,B,66000,B17,66000170,385,4353,12315,3542,10993,臺中市潭子區福仁里,3236,2358616,729,570,352,924,0.120258,605.19,83.03,0.0891
66000170005,臺中市,潭子區,頭家里,Toujia Vil.,B,66000,B17,66000170,168,2280,6684,1856,5659,臺中市潭子區頭家里,1675,1299480,776,609,374,984,0.181127,680.22,87.68,0.0761
66000170006,臺中市,潭子區,甘蔗里,Ganzhe Vil.,B,66000,B17,66000170,256,3925,11359,3446,10732,臺中市潭子區甘蔗里,3145,2532561,805,599,359,1010,0.058423,777.96,96.61,0.0655
66000170007,臺中市,潭子區,東寶里,Dongbao Vil.,B,66000,B17,66000170,268,4589,14185,3909,13111,臺中市潭子區東寶里,3960,2937354,742,557,338,916,0.081916,695.59,93.78,0.0605
66000170008,臺中市,潭子區,大富里,Dafu Vil.,B,66000,B17,66000170,39,1037,3364,792,2806,臺中市潭子區大富里,901,728277,808,607,343,1017,0.19886,826.8,102.29,0.0421
66000170009,臺中市,潭子區,大豐里,Dafeng Vil.,B,66000,B17,66000170,133,2350,7309,1822,5996,臺中市潭子區大豐里,2056,1780684,866,625,368,1071,0.218979,921.44,106.39,0.0566
66000170010,臺中市,潭子區,栗林里,Lilin Vil.,B,66000,B17,66000170,152,1769,5328,1600,5404,臺中市潭子區栗林里,1603,1186464,740,539,332,871,-0.014064,744.53,100.59,0.0872
66000170011,臺中市,潭子區,嘉仁里,Jiaren Vil.,B,66000,B17,66000170,89,1479,4828,1244,4545,臺中市潭子區嘉仁里,1155,835897,724,544,352,900,0.062266,651.06,89.96,0.0721
66000080002,臺中市,北屯區,北屯里,Beitun Vil.,B,66000,B08,66000080,172,1554,3973,1450,4080,臺中市北屯區北屯里,1151,1097122,953,617,354,1122,-0.026225,1642.46,172.31,0.1013
66000230013,臺中市,烏日區,螺潭里,Luotan Vil.,B,66000,B23,66000230,52,794,2511,668,2339,臺中市烏日區螺潭里,668,508001,760,543,323,952,0.073536,820.66,107.91,0.0773
66000140001,臺中市,梧棲區,頂寮里,Dingliao Vil.,B,66000,B14,66000140,571,1693,4308,1185,3519,臺中市梧棲區頂寮里,1003,749223,747,582,368,900,0.224211,837.9,112.17,0.2483
66000140008,臺中市,梧棲區,南簡里,Nanjian Vil.,B,66000,B14,66000140,175,2000,6209,1332,4464,臺中市梧棲區南簡里,1714,1351994,789,618,366,1012,0.390905,644.7,81.73,0.0898
66000120016,臺中市,清水區,?榔里,Kanglang  Vil.,B,66000,B12,66000120,821,2614,6874,1566,5055,臺中市清水區?榔里,1657,1303050,786,607,377,1007,0.359842,723.08,91.95,0.2639
66000290007,臺中市,和平區,梨山里,Lishan Vil.,B,66000,B29,66000290,122,1028,2254,999,2158,臺中市和平區梨山里,253,152308,602,507,343,741,0.044486,442.98,73.58,0.2239
66000290008,臺中市,和平區,平等里,Pingdeng Vil.,B,66000,B29,66000290,46,374,1013,361,859,臺中市和平區平等里,114,76057,667,558,361,829,0.179278,470.69,70.55,0.2045
66000290003,臺中市,和平區,博愛里,Bo'ai Vil.,B,66000,B29,66000290,103,811,1919,820,1941,臺中市和平區博愛里,341,268611,788,527,320,792,-0.011334,2704.37,343.32,0.2021
66000290002,臺中市,和平區,天輪里,Tianlun Vil.,B,66000,B29,66000290,58,240,469,250,573,臺中市和平區天輪里,88,58941,670,463,287,870,-0.181501,623.22,93.05,0.3789
66000190013,臺中市,新社區,福興里,Fuxing Vil.,B,66000,B19,66000190,21,479,1298,473,1470,臺中市新社區福興里,194,115751,597,485,325,747,-0.117007,430.1,72.09,0.1362
66000270015,臺中市,太平區,東汴里,Dongbian Vil.,B,66000,B27,66000270,60,459,1347,463,1470,臺中市太平區東汴里,205,110595,539,431,279,670,-0.083673,432.83,80.23,0.1786
66000270019,臺中市,太平區,黃竹里,Huangzhu Vil.,B,66000,B27,66000270,66,316,718,348,877,臺中市太平區黃竹里,101,66403,657,533,288,923,-0.1813,496.44,75.51,0.2703
66000260001,臺中市,霧峰區,桐林里,Tonglin Vil.,B,66000,B26,66000260,39,449,1408,411,1437,臺中市霧峰區桐林里,258,189517,735,529,291,911,-0.020181,760.94,103.59,0.12
66000260009,臺中市,霧峰區,坑口里,Kengkou Vil.,B,66000,B26,66000260,189,1170,3492,1161,3581,臺中市霧峰區坑口里,879,597445,680,527,322,860,-0.024853,657.91,96.8,0.1214
66000260016,臺中市,霧峰區,峰谷里,Fenggu Vil.,B,66000,B26,66000260,45,380,1301,357,1407,臺中市霧峰區峰谷里,282,184048,653,513,323,758,-0.075338,534.59,81.91,0.1294
66000260014,臺中市,霧峰區,萬豐里,Wanfeng Vil.,B,66000,B26,66000260,103,978,3142,923,3203,臺中市霧峰區萬豐里,732,522747,714,494,311,802,-0.019045,1936.5,271.17,0.1168
66000260015,臺中市,霧峰區,舊正里,Jiuzheng Vil.,B,66000,B26,66000260,40,707,2460,686,2579,臺中市霧峰區舊正里,570,397515,697,544,331,931,-0.046142,560.75,80.41,0.0669
66000260004,臺中市,霧峰區,本鄉里,Benxiang Vil.,B,66000,B26,66000260,115,959,2697,801,2427,臺中市霧峰區本鄉里,719,564678,785,562,320,958,0.111248,807.21,102.78,0.1043
66000260010,臺中市,霧峰區,北柳里,Beiliu Vil.,B,66000,B26,66000260,117,1443,4755,1198,4333,臺中市霧峰區北柳里,1169,921865,789,563,343,970,0.097392,1069.35,135.6,0.0747
66000280020,臺中市,大里區,西湖里,Xihu Vil.,B,66000,B28,66000280,49,1070,3477,938,3221,臺中市大里區西湖里,893,675077,756,526,317,893,0.079478,1104.91,146.16,0.0548
